period,stock_id,vendor,data_type,report_index,report_index_description,report_index_standard,report_index_value,report_index_analysis,report_index_note,report_score,report_signal,report_score_detail,report_score_summary,report_risk
Period,Stock ID,Vendor,Data Type,Report Index,Report Index Description,Report Index Standard,Report Index Value,Report Index Analysis,Report Index Note,Report Score,Report Signal,Report Score Detail,Report Score Summary,Report Risk
2025Q3,8155,博智,2,,,,,,,65,綠燈,"償債能力：利息保障倍數、流動比、現金比和速動比均優於標準，顯示公司短期及長期償債能力強。
資產使用效率：固定資產週轉率和總資產週轉率均低於標準，顯示公司資產使用效率有待提高。
盈利能力：每股稅後盈餘及其年成長率、營業利益率和稅後淨利率均優於或符合標準，顯示公司盈利能力強。
負債管理：負債對淨值比率和負債總額均符合標準，顯示公司負債管理良好。",博智公司在2025Q3的財務狀況顯示出多方面的優勢，包括償債能力強、盈利能力強及負債管理良好。但需注意資產使用效率，以提高公司整體運營效率。,博智公司在2025Q3的財務狀況顯示出多方面的問題，包括資產使用效率低、現金流量不足及應收帳款管理需改善。建議公司加強資產管理，提高現金流量及應收帳款管理，以降低財務風險。
2025Q3,3031,佰鴻,2,,,,,,,55,黃燈,"償債能力：流動比、現金比、速動比等指標均遠高於標準，顯示公司短期償債能力強。
盈利能力：每股稅後盈餘、稅後淨利率等指標低於標準，顯示公司盈利能力需提升。
資產管理：固定資產週轉率、應收帳款週轉率等指標低於標準，顯示公司資產使用效率低。
負債管理：負債對淨值比率、負債總額等指標遠低於標準，顯示公司負債壓力小。",佰鴻公司在2025Q3的財務狀況顯示出短期償債能力強，但盈利能力和資產使用效率需提升。負債管理良好，但應加強應收帳款和存貨管理。,佰鴻公司在2025Q3的財務狀況顯示出短期償債能力強，但盈利能力和資產使用效率需提升。最重要的風險在於應收帳款和存貨管理不善，建議公司加強這兩方面的管理，以提升整體財務狀況。
2025Q3,8289,泰藝,2,,,,,,,55,黃燈,"償債能力：流動比、現金比、速動比均高於標準，顯示公司短期償債能力強，但利息保障倍數低於標準，需注意長期償債能力。
資產管理：固定資產週轉率接近標準，但總資產週轉率低於標準，顯示資產使用效率有待提高。
盈利能力：每股稅後盈餘年成長率高於標準，但每股稅後盈餘、稅後淨利率、營業利益率均低於標準，顯示盈利能力較弱。
負債管理：負債對淨值比率、負債總額、長期負債比例均符合標準，顯示負債管理良好。",泰藝公司在2025Q3的財務狀況顯示出短期償債能力強、負債管理良好，但需注意盈利能力和資產使用效率的提升。,泰藝公司在2025Q3的財務狀況顯示出短期償債能力強、負債管理良好，但盈利能力和資產使用效率存在問題。建議公司加強盈利能力的提升，改善存貨和應收帳款管理，以提高資產使用效率，並注意長期償債能力的保障。
2025Q3,8213,志超,2,,,,,,,57,黃燈,"償債能力：利息保障倍數、流動比、速動比均優於標準，顯示公司短期及長期償債能力良好。
資產使用效率：固定資產週轉率優於標準，但總資產週轉率偏低，顯示資產使用效率需改善。
盈利能力：每股稅後盈餘及稅後淨利率均劣於標準，顯示公司盈利能力需提升。
負債管理：負債對淨值比率及負債總額均符合標準，顯示公司負債管理良好。",志超公司在2025Q3的財務狀況顯示出多方面的優勢，包括償債能力強、資產使用效率高及負債管理良好。但需注意盈利能力的提升，以降低財務風險。,志超公司在2025Q3的財務狀況顯示出多方面的問題，包括盈利能力低、應收帳款管理效率差及存貨比例過高。建議公司加強盈利能力，提高應收帳款管理效率，並控制存貨比例，以降低財務風險。
2025Q3,5258,虹堡,2,,,,,,,55,黃燈,"償債能力：利息保障倍數、流動比、速動比均優於標準，顯示公司短期及長期償債能力強。
資產使用效率：固定資產週轉率優於標準，但總資產週轉率接近標準，顯示資產使用效率尚可。
盈利能力：每股稅後盈餘、稅後淨利率、股東權益報酬率均低於標準，顯示盈利能力需提升。
負債管理：負債對淨值比率、負債總額高於標準，顯示負債比例需降低。",虹堡公司在2025Q3的財務狀況顯示出多方面的問題，包括盈利能力低、負債比例過高及存貨管理有問題。需加強盈利能力及負債管理，以降低財務風險。,虹堡公司在2025Q3的財務狀況顯示出多方面的問題，包括盈利能力低、負債比例過高及存貨管理有問題。建議公司加強盈利能力及負債管理，特別是應收帳款與存貨的管理，以降低財務風險。
2025Q3,3209,全科科技,2,,,,,,,45,黃燈,"償債能力：利息保障倍數、現金比、速動比均優於標準，但流動比和現金流量比低於標準，顯示短期償債能力有待加強。
盈利能力：每股稅後盈餘和每股稅後盈餘年成長率優於標準，但營業利益率和稅後淨利率低於標準，顯示盈利能力較弱。
資產管理：固定資產週轉率和總資產週轉率優於標準，但應收帳款週轉率低於標準，需加強應收帳款管理。
負債管理：負債對淨值比率和負債總額比例高於標準，顯示負債壓力較大。",全科科技公司在2025Q3的財務狀況顯示出多方面的問題，包括償債能力和盈利能力較弱，負債比例過高。建議公司加強資產管理，提高盈利能力，並控制負債比例，以降低財務風險。,全科科技公司在2025Q3的財務狀況顯示出多方面的問題，包括償債能力弱、盈利能力低、資產管理效率差及負債比例過高。建議公司加強資產管理，提高盈利能力，並控制負債比例，以降低財務風險。
2025Q3,8076,伍豐,2,,,,,,,35,紅燈,"償債能力：利息保障倍數、現金流量比、速動比均低於標準，顯示公司短期及長期償債能力均有問題。
盈利能力：每股稅後盈餘、稅後淨利率、資產報酬率均低於標準，顯示公司盈利能力差。
資產使用效率：總資產週轉率低於標準，顯示公司資產使用效率差。
存貨管理：存貨佔營收比率及存貨週轉率均低於標準，顯示公司存貨管理不善。",伍豐公司在2025Q3的財務狀況顯示出多方面的問題，包括償債能力弱、盈利能力低、資產管理效率差及存貨管理不善。建議公司加強資產管理，提高盈利能力，並控制存貨比例，以降低財務風險。,伍豐公司在2025Q3的財務狀況顯示出多方面的問題，包括償債能力弱、盈利能力低、資產管理效率差及存貨比例過高。建議公司加強資產管理，提高盈利能力，並控制存貨比例，以降低財務風險。
2025Q3,3362,先進光,2,,,,,,,25,紅燈,"償債能力：利息保障倍數、流動比、速動比均低於標準，顯示公司短期及長期償債能力均有問題。
盈利能力：每股稅後盈餘、稅後淨利率、營業利益率均低於標準，顯示公司盈利能力較弱。
資產管理：固定資產週轉率、存貨週轉率、應收帳款週轉率均低於標準，顯示公司資產管理效率差。
負債管理：負債對淨值比率、負債總額均高於標準，顯示公司負債比例過高，財務風險較大。",先進光公司在2025Q3的財務狀況顯示出多方面的問題，包括償債能力弱、盈利能力低、資產管理效率差及負債比例過高。綜合各項指標，給予25分，屬於紅燈風險區域。,先進光公司在2025Q3的財務狀況顯示出多方面的問題，包括償債能力弱、盈利能力低、資產管理效率差及負債比例過高。建議公司加強資產管理，提高盈利能力，並控制負債比例，以降低財務風險。
2025Q3,3714,富采,2,,,,,,,45,黃燈,"償債能力：利息保障倍數、現金流量比、稅後淨利率均低於標準，顯示公司短期及長期償債能力均有問題。
資產使用效率：固定資產週轉率、總資產週轉率均低於標準，顯示資產使用效率差。
盈利能力：每股稅後盈餘、營業利益率、營業毛利率均低於標準，顯示盈利能力差。
負債管理：負債對淨值比率、負債總額、長期負債比例均優於標準，顯示負債管理良好。",富采公司在2025Q3的財務狀況顯示出多方面的問題，包括償債能力弱、資產使用效率差及盈利能力低。儘管負債管理良好，但需加強盈利能力及資產管理，以降低財務風險。,富采公司在2025Q3的財務狀況顯示出多方面的問題，包括償債能力弱、資產管理效率差及盈利能力低。建議公司加強資產管理，提高盈利能力，並控制存貨及應收帳款比例，以降低財務風險。
2025Q3,6230,尼得,2,,,,,,,30,紅燈,"償債能力：利息保障倍數、現金流量比、稅後淨利率均低於標準，顯示公司短期及長期償債能力均有問題。
資產使用效率：固定資產週轉率、總資產週轉率接近標準，但存貨週轉率和應收帳款週轉率低於標準，資產使用效率需改善。
盈利能力：營業利益率、營業毛利率、每股稅後盈餘均低於標準，顯示公司盈利能力差。
負債管理：負債對淨值比率、負債總額比例符合標準，但應付帳款比例略高，需加強管理。",尼得公司在2025Q3的財務狀況顯示出多方面的問題，包括償債能力弱、盈利能力低、資產管理效率差及負債比例過高。建議公司加強資產管理，提高盈利能力，並控制負債比例，以降低財務風險。,尼得公司在2025Q3的財務狀況顯示出多方面的問題，包括償債能力弱、盈利能力低、資產管理效率差及負債比例過高。建議公司加強資產管理，提高盈利能力，並控制負債比例，以降低財務風險。
2025Q3,6243,迅杰,2,,,,,,,60,黃燈,"償債能力：利息保障倍數、流動比、現金比均優於標準，顯示公司短期及長期償債能力強。
資產使用效率：固定資產週轉率優於標準，但總資產週轉率低於標準，顯示部分資產使用效率有待提升。
盈利能力：每股稅後盈餘年成長率高，但每股稅後盈餘及稅後淨利率低於標準，顯示盈利能力不足。
負債管理：負債對淨值比率及負債總額均優於標準，顯示公司負債管理良好。",迅杰公司在2025Q3的財務狀況顯示出償債能力強、負債管理良好，但盈利能力及部分資產使用效率有待提升。整體財務風險屬中等。,迅杰公司在2025Q3的財務狀況顯示出多方面的問題，包括盈利能力低、存貨及應收帳款管理有待改善。建議公司加強盈利能力，改善存貨及應收帳款管理，以降低財務風險。
2025Q3,6213,聯茂,2,,,,,,,65,綠燈,"償債能力：利息保障倍數、流動比、速動比均優於標準，顯示公司短期及長期償債能力強。
資產管理：固定資產週轉率、存貨週轉率均優於標準，但應收帳款週轉率較低，需改善應收帳款管理。
盈利能力：營業利益率、營業毛利率均優於標準，但稅後淨利率較低，需提升盈利能力。
現金流量：現金比優於標準，但現金流量比低於標準，需改善現金流量管理。",聯茂公司在2025Q3的財務狀況顯示出多方面的優勢，包括償債能力強、資產使用效率高及盈利能力強。但需注意應收帳款管理及現金流量管理，以降低財務風險。,聯茂公司在2025Q3的財務狀況顯示出多方面的問題，包括應收帳款管理需改善、盈利能力及現金流量管理需提升。建議公司加強應收帳款管理，提高盈利能力，並改善現金流量管理，以降低財務風險。
2025Q3,3048,益登,2,,,,,,,35,紅燈,"償債能力：利息保障倍數、流動比、速動比均低於標準，顯示公司短期及長期償債能力均有問題。
盈利能力：營業利益率、營業毛利率、稅後淨利率均低於標準，顯示公司盈利能力不足。
資產管理：應收帳款佔營收比率、應付帳款比例高於標準，需加強資產管理。
負債管理：負債對淨值比率、負債總額比例高於標準，負債管理需改善。",益登公司在2025Q3的財務狀況顯示出多方面的問題，包括償債能力弱、盈利能力低、資產管理效率差及負債比例過高。建議公司加強資產管理，提高盈利能力，並控制負債比例，以降低財務風險。,益登公司在2025Q3的財務狀況顯示出多方面的問題，包括償債能力弱、盈利能力低、資產管理效率差及負債比例過高。建議公司加強資產管理，提高盈利能力，並控制負債比例，以降低財務風險。
2025Q3,4919,新唐,2,,,,,,,35,紅燈,"償債能力：利息保障倍數、現金流量比、負債對淨值比率均低於標準，顯示公司短期及長期償債能力均有問題。
盈利能力：每股稅後盈餘、稅後淨利率、股東權益報酬率均低於標準，顯示公司盈利能力差。
資產管理：存貨佔營收比率、應收帳款佔營收比率、總資產週轉率均低於標準，顯示公司資產管理效率低。
現金儲備：現金比優於標準，但現金流量比低於標準，顯示公司現金儲備充足但流動性不足。",新唐公司在2025Q3的財務狀況顯示出多方面的問題，包括償債能力弱、盈利能力低、資產管理效率差及負債比例過高。建議公司加強資產管理，提高盈利能力，並控制負債比例，以降低財務風險。,新唐公司在2025Q3的財務狀況顯示出多方面的問題，包括償債能力弱、盈利能力低、資產管理效率差及負債比例過高。建議公司加強資產管理，提高盈利能力，並控制負債比例，以降低財務風險。
2025Q3,6104,創惟,2,,,,,,,65,綠燈,"償債能力：利息保障倍數、流動比、速動比均高於標準，顯示公司短期及長期償債能力良好。
資產使用效率：固定資產週轉率、總資產週轉率均符合標準，顯示公司資產使用效率良好。
盈利能力：稅後淨利率、營業毛利率均高於標準，但每股稅後盈餘略低於標準，需注意盈利能力的提升。
負債管理：負債對淨值比率、負債總額均符合標準，顯示公司負債管理良好。",創惟公司在2025Q3的財務狀況顯示出多方面的優勢，包括償債能力強、資產使用效率高及盈利能力良好。但需注意存貨管理及盈利能力的提升，以降低財務風險。,創惟公司在2025Q3的財務狀況顯示出多方面的優勢，包括償債能力強、資產使用效率高及盈利能力良好。但需注意存貨管理及盈利能力的提升。建議公司加強存貨管理，提高盈利能力，並改善現金流量管理，以降低財務風險。
2025Q3,4999,鑫禾,2,,,,,,,25,紅燈,"償債能力：利息保障倍數、現金流量比、應收帳款週轉率均低於標準，顯示公司短期及長期償債能力均有問題。
盈利能力：營業利益率、稅後淨利率、每股稅後盈餘均低於標準，顯示公司盈利能力較弱。
資產管理：存貨佔營收比率、應收帳款佔營收比率均過高，顯示公司資產管理效率低。
資本結構：股東權益總額及負債對淨值比率均符合標準，但長期負債比例過低，顯示公司資本結構不平衡。",鑫禾公司在2025Q3的財務狀況顯示出多方面的問題，包括償債能力弱、盈利能力低、資產管理效率差及資本結構不平衡。公司需加強資產管理，提高盈利能力，並控制負債比例，以降低財務風險。,鑫禾公司在2025Q3的財務狀況顯示出多方面的問題，包括償債能力弱、盈利能力低、資產管理效率差及資本結構不平衡。建議公司加強資產管理，提高盈利能力，並控制負債比例，以降低財務風險。
2025Q3,3376,新日興,2,,,,,,,55,黃燈,"償債能力：利息保障倍數、流動比、速動比均遠高於標準，顯示公司短期及長期償債能力強。
資產使用效率：固定資產週轉率、總資產週轉率均低於標準，顯示公司資產使用效率需提升。
盈利能力：每股稅後盈餘、稅後淨利率、資產報酬率均低於標準，顯示公司盈利能力需提升。
負債管理：負債對淨值比率、負債總額、長期負債均遠低於標準，顯示公司負債管理良好。",新日興公司在2025Q3的財務狀況顯示出償債能力強、負債管理良好，但資產使用效率和盈利能力需提升。綜合評估給予55分，屬黃燈。,新日興公司在2025Q3的財務狀況顯示出多方面的問題，包括資產使用效率低、盈利能力弱。建議公司加強資產管理，提高盈利能力，以降低財務風險。
2025Q3,3317,尼克森,2,,,,,,,65,綠燈,"償債能力：利息保障倍數、流動比、速動比均遠高於標準，顯示公司短期及長期償債能力非常強。
資產使用效率：固定資產週轉率高於標準，但總資產週轉率低於標準，顯示部分資產使用效率較低。
盈利能力：營業利益率、營業毛利率、稅後淨利率均符合標準，但每股稅後盈餘及其年成長率低於標準，盈利能力需改善。
風險管理：存貨佔營收比率及應收帳款佔營收比率高於標準，需加強存貨及應收帳款管理。",尼克森公司在2025Q3的財務狀況顯示出多方面的優勢，包括償債能力強、部分資產使用效率高及盈利能力良好。但需注意存貨及應收帳款管理，以降低財務風險。,尼克森公司在2025Q3的財務狀況顯示出多方面的問題，包括存貨佔營收比率高、應收帳款管理不佳及資產回報率低。建議公司加強存貨及應收帳款管理，提高資產使用效率及盈利能力，以降低財務風險。
2025Q3,3022,威強電,2,,,,,,,65,綠燈,"償債能力：利息保障倍數、流動比、速動比均遠高於標準，顯示公司短期及長期償債能力強。
盈利能力：每股稅後盈餘、稅後淨利率、營業毛利率等指標均高於標準，顯示公司盈利能力強。
資產管理：固定資產週轉率、總資產週轉率等指標低於標準，顯示公司資產使用效率偏低。
負債管理：負債對淨值比率、負債總額等指標均低於標準，顯示公司負債水平合理。",威強電公司在2025Q3的財務狀況顯示出多方面的優勢，包括償債能力強、盈利能力強及負債水平合理。但需注意資產使用效率，以提高資產回報率。,威強電公司在2025Q3的財務狀況顯示出多方面的優勢，包括償債能力強、盈利能力強及負債水平合理。最重要的風險在於資產使用效率偏低，建議公司加強資產管理，提高資產回報率，以降低財務風險。
2025Q3,4906,正文,2,,,,,,,55,黃燈,"償債能力：利息保障倍數、流動比、速動比均符合或優於標準，顯示公司短期及長期償債能力較強。
盈利能力：每股稅後盈餘、營業利益率、稅後淨利率均低於標準，顯示公司盈利能力較弱。
資產管理：應收帳款佔營收比率、應收帳款週轉率、總資產週轉率均低於標準，顯示公司資產管理效率較低。
現金流量：現金流量比低於標準，顯示公司現金流量管理有待改善。",正文公司在2025Q3的財務狀況顯示出償債能力較強，但盈利能力和資產管理效率較低，現金流量管理有待改善。綜合評估給予55分，屬於黃燈。,正文公司在2025Q3的財務狀況顯示出償債能力較強，但盈利能力和資產管理效率較低，現金流量管理有待改善。建議公司加強盈利能力，提高資產管理效率，並改善現金流量管理，以降低財務風險。
2025Q3,2317,鴻海,2,,,,,,,55,黃燈,"償債能力：利息保障倍數、現金比優於標準，但流動比、速動比、現金流量比均低於標準，顯示短期償債能力需改善。
資產管理：固定資產週轉率、存貨週轉率、應收帳款週轉率、總資產週轉率均優於標準，顯示資產利用效率高。
盈利能力：每股稅後盈餘、每股稅後盈餘年成長率優於標準，但營業利益率、營業毛利率、稅後淨利率低於標準，顯示盈利能力需提升。
負債管理：負債對淨值比率、負債總額高於標準，顯示負債比例過高，需加強控制。",鴻海公司在2025Q3的財務狀況顯示出資產管理效率高及部分盈利能力強，但需注意短期償債能力、盈利能力及負債管理，以降低財務風險。,鴻海公司在2025Q3的財務狀況顯示出短期償債能力、盈利能力及負債管理方面存在風險。建議公司加強現金流管理，提高營業利益率及毛利率，並控制負債比例，以降低財務風險。
2025Q3,3325,旭品,2,,,,,,,25,紅燈,"償債能力：利息保障倍數、流動比、速動比均低於標準，顯示公司短期及長期償債能力均有問題。
盈利能力：每股稅後盈餘、稅後淨利率、營業利益率均低於標準，顯示公司盈利能力較弱。
資產使用效率：固定資產週轉率、總資產週轉率均低於標準，顯示公司資產使用效率偏低。
負債管理：負債對淨值比率及負債總額均高於標準，顯示公司負債比例偏高。",旭品公司在2025Q3的財務狀況顯示出多方面的問題，包括償債能力弱、盈利能力低、資產管理效率差及負債比例過高。建議公司加強資產管理，提高盈利能力，並控制負債比例，以降低財務風險。,旭品公司在2025Q3的財務狀況顯示出多方面的問題，包括償債能力弱、盈利能力低、資產管理效率差及負債比例過高。建議公司加強資產管理，提高盈利能力，並控制負債比例，以降低財務風險。
2025Q3,3090,日電貿,2,,,,,,,75,綠燈,"償債能力：利息保障倍數、流動比、速動比均優於標準，顯示公司短期及長期償債能力強。
資產使用效率：固定資產週轉率和總資產週轉率均優於標準，顯示公司資產使用效率高。
盈利能力：每股稅後盈餘、稅後淨利率和股東權益報酬率均優於標準，顯示公司盈利能力強。
現金流動性：現金比和現金流量比低於標準，顯示公司現金流動性不足，需加強現金管理。",日電貿公司在2025Q3的財務狀況顯示出多方面的優勢，包括償債能力強、資產使用效率高及盈利能力強。但需注意現金流動性問題，以降低財務風險。,日電貿公司在2025Q3的財務狀況顯示出多方面的優勢，包括償債能力強、資產使用效率高及盈利能力強。然而，現金流動性不足及應收帳款管理需加強。建議公司加強現金管理，提高應收帳款回收效率，以降低財務風險。
2025Q3,3088,艾訊,2,,,,,,,75,綠燈,"償債能力：利息保障倍數、流動比、速動比、現金比均遠高於標準，顯示公司短期及長期償債能力均強。
盈利能力：營業毛利率、稅後淨利率符合標準，但每股稅後盈餘及其年成長率偏低，需改善盈利能力。
資產使用效率：固定資產週轉率、總資產週轉率接近標準，資產使用效率尚可，但存貨管理需加強。
負債管理：負債對淨值比率、負債總額及長期負債比例均符合標準，顯示公司負債管理良好。",艾訊公司在2025Q3的財務狀況顯示出多方面的優勢，包括償債能力強、資產使用效率尚可及負債管理良好。但需注意存貨管理及盈利能力，以降低財務風險。,艾訊公司在2025Q3的財務狀況顯示出多方面的優勢，包括償債能力強、資產使用效率尚可及負債管理良好。建議公司加強存貨管理，提高盈利能力，以降低財務風險。
2025Q3,6115,鎰勝,2,,,,,,,75,綠燈,"償債能力：利息保障倍數、流動比、速動比均遠高於標準，顯示公司短期及長期償債能力強。
盈利能力：每股稅後盈餘年成長率、營業利益率、營業毛利率均高於標準，顯示公司盈利能力強。
資產使用效率：固定資產週轉率、存貨週轉率均高於標準，顯示公司資產使用效率高。
資本結構：股東權益總額及負債對淨值比率均符合標準，顯示公司資本結構良好。",鎰勝公司在2025Q3的財務狀況顯示出多方面的優勢，包括償債能力強、資產使用效率高及盈利能力強。但需注意應收帳款及現金流管理，以降低財務風險。,鎰勝公司在2025Q3的財務狀況顯示出多方面的優勢，包括償債能力強、盈利能力高及資本結構良好。然而，應收帳款佔營收比率及現金流量比低於標準，顯示公司在應收帳款管理及現金流管理方面存在風險。建議公司加強應收帳款管理，提高現金流量比，以降低財務風險。
2025Q3,6158,禾昌,2,,,,,,,25,紅燈,"償債能力：利息保障倍數、流動比、速動比均低於標準，顯示公司短期及長期償債能力均有問題。
盈利能力：每股稅後盈餘、稅後淨利率、股東權益報酬率均低於標準，盈利能力弱。
資產使用效率：固定資產週轉率、總資產週轉率均低於標準，資產使用效率需改善。
負債管理：負債對淨值比率、負債總額均高於標準，負債比例過高。",禾昌公司在2025Q3的財務狀況顯示出多方面的問題，包括償債能力弱、盈利能力低、資產管理效率差及負債比例過高。建議公司加強資產管理，提高盈利能力，並控制負債比例，以降低財務風險。,禾昌公司在2025Q3的財務狀況顯示出多方面的問題，包括償債能力弱、盈利能力低、資產管理效率差及負債比例過高。建議公司加強資產管理，提高盈利能力，並控制負債比例，以降低財務風險。
2025Q3,6224,聚鼎,2,,,,,,,40,黃燈,"償債能力：利息保障倍數低於標準，顯示公司短期及長期償債能力均有問題。
資產使用效率：固定資產週轉率和總資產週轉率均低於標準，顯示資產使用效率不佳。
盈利能力：每股稅後盈餘和稅後淨利率均低於標準，顯示盈利能力較弱。
存貨及應收帳款管理：存貨佔營收比率和應收帳款佔營收比率均遠高於標準，顯示存貨及應收帳款管理不佳。",聚鼎公司在2025Q3的財務狀況顯示出多方面的問題，包括償債能力弱、資產管理效率低、盈利能力差及存貨及應收帳款管理不佳。建議公司加強資產管理，提高盈利能力，並控制存貨及應收帳款比例，以降低財務風險。,聚鼎公司在2025Q3的財務狀況顯示出多方面的問題，包括償債能力弱、盈利能力低、資產管理效率差及存貨及應收帳款比例過高。建議公司加強資產管理，提高盈利能力，並控制存貨及應收帳款比例，以降低財務風險。
2025Q3,2395,研華,2,,,,,,,85,綠燈,"償債能力：利息保障倍數、流動比、速動比均高於標準，顯示公司短期及長期償債能力均很強。
盈利能力：每股稅後盈餘、稅後淨利率、營業利益率均高於標準，顯示公司盈利能力強。
資產管理效率：固定資產週轉率、應收帳款週轉率高於標準，但存貨週轉率低於標準，需改善存貨管理。
負債管理：負債對淨值比率、負債總額、長期負債比例均符合標準，顯示公司負債管理良好。",研華公司在2025Q3的財務狀況顯示出多方面的優勢，包括償債能力強、資產使用效率高及盈利能力強。但需注意存貨管理，以降低財務風險。,研華公司在2025Q3的財務狀況顯示出多方面的優勢，包括償債能力強、盈利能力高、資產管理效率高及負債比例合理。建議公司加強存貨管理，提高存貨週轉率，以進一步降低財務風險。
2025Q3,6160,欣技,2,,,,,,,55,黃燈,"償債能力：利息保障倍數、現金流量比、稅後淨利率等指標均低於標準，顯示公司短期及長期償債能力有問題。
資產使用效率：固定資產週轉率高於標準，但總資產週轉率低於標準，顯示資產使用效率有待提高。
盈利能力：每股稅後盈餘、營業利益率、稅後淨利率均低於標準，顯示公司盈利能力較弱。
負債管理：負債對淨值比率、負債總額等指標符合標準，顯示公司負債管理良好。",欣技公司在2025Q3的財務狀況顯示出多方面的問題，包括償債能力弱、盈利能力低及資產管理效率差。但在負債管理方面表現良好。綜合評估給予55分，屬於黃燈區域，需加強改善。,欣技公司在2025Q3的財務狀況顯示出多方面的問題，包括償債能力弱、盈利能力低及資產管理效率差。建議公司加強資產管理，提高盈利能力，並控制負債比例，以降低財務風險。
2025Q3,3504,揚明光,2,,,,,,,45,黃燈,"償債能力：流動比、速動比、現金比均優於標準，顯示公司短期償債能力強，但利息保障倍數低於標準，長期償債能力有待加強。
盈利能力：每股稅後盈餘、稅後淨利率、營業利益率均低於標準，顯示公司盈利能力較差。
資產管理：總資產週轉率、固定資產週轉率、存貨週轉率均低於標準，顯示公司資產使用效率低。
負債管理：負債對淨值比率、負債總額、長期負債均符合或優於標準，顯示公司負債管理合理。",揚明光公司在2025Q3的財務狀況顯示出短期償債能力強，但盈利能力和資產使用效率較差。負債管理較為合理，但需加強盈利能力和資產管理，以降低財務風險。,揚明光公司在2025Q3的財務狀況顯示出多方面的問題，包括盈利能力低、資產管理效率差。建議公司加強盈利能力，提高資產使用效率，並控制存貨和應收帳款的比例，以降低財務風險。
2025Q3,3390,旭軟,2,,,,,,,55,黃燈,"償債能力：利息保障倍數、現金流量比率均低於標準，顯示公司短期及長期償債能力均有問題。
資產使用效率：固定資產週轉率、總資產週轉率均低於標準，顯示公司資產使用效率偏低。
盈利能力：營業利益率、稅後淨利率均低於標準，顯示公司盈利能力偏弱。
流動性：流動比、現金比、速動比均遠超標準，顯示公司流動性非常充足。",旭軟公司在2025Q3的財務狀況顯示出多方面的問題，包括償債能力弱、資產使用效率低及盈利能力偏弱。然而，公司在流動性方面表現良好，流動資產充足，能夠應付短期負債。,旭軟公司在2025Q3的財務狀況顯示出多方面的問題，包括償債能力弱、盈利能力低、資產管理效率差及負債比例合理。建議公司加強資產管理，提高盈利能力，並控制負債比例，以降低財務風險。
2025Q3,5347,世界先進 ,2,,,,,,,55,黃燈,"償債能力：利息保障倍數、流動比、現金比、速動比均優於標準，短期及長期償債能力強。
盈利能力：稅後淨利率、營業毛利率均優於標準，但每股稅後盈餘及其年成長率低於標準，盈利能力需改善。
資產管理效率：總資產週轉率、固定資產週轉率、應收帳款週轉率均低於標準，資產管理效率低。
負債管理：負債對淨值比率及負債總額均高於標準，負債管理需加強。",世界先進公司在2025Q3的財務狀況顯示出短期償債能力強，但盈利能力及資產管理效率需改善，負債管理需加強。綜合評估得分為55分，燈號為黃燈。,世界先進公司在2025Q3的財務狀況顯示出短期償債能力強，但存在盈利能力低、資產管理效率差及負債比例過高的風險。建議公司加強盈利能力，提高資產管理效率，並控制負債比例，以降低財務風險。
2025Q3,2363,矽統,2,,,,,,,65,綠燈,"償債能力：利息保障倍數、流動比、速動比均遠高於標準，顯示公司短期及長期償債能力非常強。
盈利能力：稅後淨利率和營業毛利率均高於標準，但每股稅後盈餘和其年成長率偏低，需注意盈利能力的穩定性。
資產使用效率：固定資產週轉率和總資產週轉率均低於標準，顯示資產使用效率需改善。
負債管理：負債對淨值比率和負債總額均遠低於標準，顯示公司負債比例非常低，財務結構穩健。",矽統公司在2025Q3的財務狀況顯示出多方面的優勢，包括償債能力強、資產使用效率高及盈利能力良好。需注意固定資產使用效率和盈利能力的穩定性，以進一步降低財務風險。,矽統公司在2025Q3的財務狀況顯示出多方面的問題，包括固定資產使用效率低、盈利能力不穩定及應收帳款管理需改善。建議公司加強資產管理，提高盈利能力，並改善應收帳款管理，以降低財務風險。
2025Q3,2451,創見,2,,,,,,,75,綠燈,"償債能力：利息保障倍數、流動比、速動比均遠高於標準，顯示公司短期及長期償債能力非常強。
資產使用效率：固定資產週轉率高於標準，但總資產週轉率低於標準，顯示部分資產使用效率有待提升。
盈利能力：營業利益率、營業毛利率、稅後淨利率均高於標準，顯示公司盈利能力強。
現金流量管理：現金流量比遠低於標準，顯示公司現金流量管理有問題，需特別注意。",創見公司在2025Q3的財務狀況顯示出多方面的優勢，包括償債能力強、資產使用效率高及盈利能力強。但需注意現金流量管理，以降低財務風險。,創見公司在2025Q3的財務狀況顯示出多方面的優勢，包括償債能力強、盈利能力高及資產管理效率高。然而，存貨佔營收比率和現金流量比遠低於標準，顯示公司在存貨管理和現金流量管理方面存在問題。建議公司加強存貨管理，提高現金流量管理，以降低財務風險。
2025Q3,5471,松翰,2,,,,,,,65,綠燈,"償債能力：流動比、現金比、速動比均高於標準，顯示公司短期償債能力強。
盈利能力：每股稅後盈餘低於標準，但年成長率高，顯示盈利能力有提升空間。
資產使用效率：固定資產週轉率、總資產週轉率均低於標準，需提升資產使用效率。
負債管理：負債對淨值比率及負債總額均低於標準，顯示公司負債管理良好。",松翰公司在2025Q3的財務狀況顯示出多方面的優勢，包括短期償債能力強、負債管理良好及盈利能力有提升空間。但需注意資產使用效率及存貨管理，以降低財務風險。,松翰公司在2025Q3的財務狀況顯示出多方面的問題，包括資產使用效率低、存貨管理不佳及盈利能力弱。建議公司加強資產管理，提高存貨週轉率，並提升盈利能力，以降低財務風險。
2025Q3,6416,瑞祺,2,,,,,,,60,黃燈,"償債能力：利息保障倍數、流動比、速動比均優於標準，顯示公司短期及長期償債能力強。
資產使用效率：固定資產週轉率符合標準，但總資產週轉率低於標準，需提升資產使用效率。
盈利能力：營業毛利率優於標準，但營業利益率、稅後淨利率低於標準，盈利能力需提升。
現金流量：現金比優於標準，但現金流量比低於標準，需改善現金流量管理。",瑞祺公司在2025Q3的財務狀況顯示出短期及長期償債能力強，資產管理效率需提升，盈利能力存在一定的挑戰，現金流量管理需改善。,瑞祺公司在2025Q3的財務狀況顯示出短期及長期償債能力強，但存貨管理和應收帳款管理需改善，盈利能力下降，現金流量管理存在問題。建議公司加強存貨和應收帳款管理，提高盈利能力，並改善現金流量管理，以降低財務風險。
2025Q3,3702,大聯大,2,,,,,,,40,黃燈,"償債能力：利息保障倍數、流動比、速動比均低於標準，顯示公司短期及長期償債能力均有問題。
盈利能力：每股稅後盈餘、營業利益率、營業毛利率均低於標準，顯示公司盈利能力不足。
資產管理：應收帳款佔營收比率、應收帳款週轉率、存貨佔營收比率均不理想，顯示公司資產管理需改善。
負債管理：負債對淨值比率、負債總額均高於標準，顯示公司負債壓力大。",大聯大公司在2025Q3的財務狀況顯示出多方面的問題，包括償債能力弱、盈利能力低、資產管理效率差及負債比例過高。建議公司加強資產管理，提高盈利能力，並控制負債比例，以降低財務風險。,大聯大公司在2025Q3的財務狀況顯示出多方面的問題，包括償債能力弱、盈利能力低、資產管理效率差及負債比例過高。建議公司加強資產管理，提高盈利能力，並控制負債比例，以降低財務風險。
2025Q3,6153,嘉聯益,2,,,,,,,45,黃燈,"償債能力：利息保障倍數、流動比、現金流量比均低於標準，顯示公司短期及長期償債能力均有問題。
盈利能力：營業利益率、營業毛利率、稅後淨利率均低於標準，顯示公司盈利能力差。
資產管理：固定資產週轉率、總資產週轉率低於標準，顯示公司資產使用效率低。
現金管理：現金比高於標準，顯示公司現金充足，但現金流量比低於標準，顯示現金流量管理不足。",嘉聯益公司在2025Q3的財務狀況顯示出多方面的問題，包括償債能力弱、盈利能力低、資產管理效率差及現金流量不足。雖然現金充足，但整體財務狀況仍需改善。,嘉聯益公司在2025Q3的財務狀況顯示出多方面的問題，包括償債能力弱、盈利能力低、資產管理效率差及現金流量不足。建議公司加強資產管理，提高盈利能力，並控制負債比例，以降低財務風險。
2025Q3,5299,杰力,2,,,,,,,75,綠燈,"償債能力：利息保障倍數、流動比、速動比均高於標準，顯示公司短期及長期償債能力強。
盈利能力：每股稅後盈餘、稅後淨利率、營業毛利率均高於標準，顯示公司盈利能力強。
資產管理：固定資產週轉率高於標準，但總資產週轉率低於標準，顯示資產使用效率需提高。
負債管理：負債對淨值比率、負債總額、長期負債比例均符合或低於標準，顯示負債管理良好。",杰力公司在2025Q3的財務狀況顯示出多方面的優勢，包括償債能力強、盈利能力強及負債管理良好。但需注意資產管理效率及存貨管理，以降低財務風險。,杰力公司在2025Q3的財務狀況顯示出多方面的優勢，包括償債能力強、盈利能力強及負債管理良好。然而，需注意存貨管理及資產使用效率。建議公司加強存貨管理，提高存貨週轉率及總資產週轉率，以降低財務風險。
2025Q3,2383,台光電,2,,,,,,,60,黃燈,"償債能力：利息保障倍數、流動比、速動比均高於標準，顯示公司短期及長期償債能力強。
資產使用效率：固定資產週轉率和總資產週轉率均符合標準，顯示資產使用效率良好。
盈利能力：每股稅後盈餘、營業利益率、營業毛利率、稅後淨利率均高於標準，顯示盈利能力強。
負債管理：負債對淨值比率和負債總額均高於標準，顯示負債比例過高，需加強管理。",台光電公司在2025Q3的財務狀況顯示出多方面的優勢，包括償債能力強、資產使用效率高及盈利能力強。但需注意負債管理，以降低財務風險。,台光電公司在2025Q3的財務狀況顯示出多方面的問題，包括存貨管理效率低、應收帳款管理需加強、股東權益回報率低及負債比例過高。建議公司加強存貨與應收帳款管理，提高股東權益回報率，並控制負債比例，以降低財務風險。
2025Q3,6197,佳必琪,2,,,,,,,85,綠燈,"償債能力：利息保障倍數、流動比、速動比、現金比均高於標準，顯示公司短期及長期償債能力強。
盈利能力：每股稅後盈餘、營業利益率、營業毛利率、稅後淨利率均高於標準，顯示公司盈利能力強。
資產使用效率：固定資產週轉率、總資產週轉率均高於標準，顯示公司資產使用效率高。
負債管理：負債對淨值比率、負債總額、長期負債均低於標準，顯示公司負債管理良好。",佳必琪公司在2025Q3的財務狀況顯示出多方面的優勢，包括償債能力強、盈利能力強、資產使用效率高及負債管理良好。但需注意應收帳款及存貨管理，以降低財務風險。,佳必琪公司在2025Q3的財務狀況顯示出多方面的優勢，包括償債能力強、盈利能力強、資產使用效率高及負債管理良好。但需注意應收帳款及存貨管理，應收帳款佔營收比率及存貨佔營收比率均高於標準，可能影響公司的資金周轉及營運效率。建議公司加強應收帳款及存貨管理，以降低財務風險。
2025Q3,4916,事欣科,2,,,,,,,75,綠燈,"償債能力：利息保障倍數、流動比、速動比、現金比均優於標準，顯示公司短期及長期償債能力強。
資產使用效率：固定資產週轉率高於標準，但總資產週轉率低於標準，顯示部分資產使用效率需改善。
盈利能力：營業毛利率、業外損益佔營收比率、每股稅後盈餘年成長率優於標準，但稅後淨利率、營業利益率低於標準。
負債管理：負債總額、流動負債、長期負債比例均優於標準，顯示公司負債管理良好。",事欣科公司在2025Q3的財務狀況顯示出多方面的優勢，包括償債能力強、資產使用效率高及盈利能力成長快。但需注意存貨及應收帳款管理，以提高資產使用效率及盈利能力。,事欣科公司在2025Q3的財務狀況顯示出多方面的優勢，包括償債能力強、資產使用效率高及盈利能力成長快。然而，公司在存貨及應收帳款管理方面存在問題，存貨佔營收比率及應收帳款佔營收比率均高於標準，顯示出資產管理效率低。建議公司加強存貨及應收帳款管理，以提高資產使用效率及盈利能力。
2025Q3,3026,禾伸堂,2,,,,,,,55,黃燈,"償債能力：利息保障倍數、流動比、速動比及現金比均高於標準，顯示公司短期及長期償債能力強。
盈利能力：每股稅後盈餘、稅後淨利率及營業利益率均低於標準，顯示公司盈利能力需改善。
資產管理效率：存貨佔營收比率、應收帳款佔營收比率及總資產週轉率均低於標準，顯示資產管理效率需改善。
負債管理：負債對淨值比率及負債總額均符合標準，顯示公司負債管理良好。",禾伸堂公司在2025Q3的財務狀況顯示出短期及長期償債能力強，但盈利能力和資產管理效率需改善。整體財務狀況尚可，但需注意應收帳款及存貨管理，以提高資產使用效率及盈利能力。,禾伸堂公司在2025Q3的財務狀況顯示出短期及長期償債能力強，但盈利能力和資產管理效率需改善。建議公司加強應收帳款及存貨管理，提高資產使用效率，並提升盈利能力，以降低財務風險。
2025Q3,3008,大立光,2,,,,,,,75,綠燈,"償債能力：利息保障倍數、流動比、速動比均遠高於標準，顯示公司短期及長期償債能力均非常強。
盈利能力：每股稅後盈餘、營業利益率、稅後淨利率均遠高於標準，顯示公司盈利能力強。
資產管理效率：固定資產週轉率、存貨週轉率、總資產週轉率均低於標準，顯示公司資產管理效率有待提高。
現金流量：現金流量比低於標準，顯示公司現金流量不足，需加強現金流管理。",大立光公司在2025Q3的財務狀況顯示出多方面的優勢，包括償債能力強、盈利能力強及股東權益比例高。但需注意資產管理效率及現金流量管理，以降低財務風險。,大立光公司在2025Q3的財務狀況顯示出多方面的優勢，但也存在一些風險。最重要的風險在於資產管理效率低及現金流量不足。建議公司加強資產管理，提高固定資產及存貨週轉率，並改善現金流量管理，以降低財務風險。
2025Q3,2397,友通,2,,,,,,,55,黃燈,"償債能力：利息保障倍數、流動比、速動比均優於標準，顯示公司短期及長期償債能力良好。
盈利能力：每股稅後盈餘、稅後淨利率及股東權益報酬率均低於標準，顯示公司盈利能力需改善。
資產使用效率：固定資產週轉率優於標準，但總資產週轉率低於標準，顯示公司資產使用效率需改善。
負債管理：負債對淨值比率及負債總額高於標準，顯示公司負債比例需改善。",友通公司在2025Q3的財務狀況顯示出多方面的優勢，包括償債能力強及資產使用效率高。但需注意盈利能力及負債管理，以降低財務風險。,友通公司在2025Q3的財務狀況顯示出多方面的問題，包括盈利能力低、資產管理效率差及負債比例過高。建議公司加強盈利能力，提高資產使用效率，並控制負債比例，以降低財務風險。
2025Q3,3032,偉訓,2,,,,,,,45,黃燈,"償債能力：利息保障倍數、流動比、速動比均低於標準，顯示公司短期及長期償債能力均有問題。
盈利能力：每股稅後盈餘、稅後淨利率等指標均低於標準，顯示公司盈利能力需提升。
資產使用效率：總資產週轉率略低於標準，需提升資產使用效率。
負債管理：負債對淨值比率及負債總額均高於標準，顯示公司負債壓力大。",偉訓公司在2025Q3的財務狀況顯示出多方面的問題，包括償債能力弱、盈利能力低、資產管理效率差及負債比例過高。需注意改善現金流量、提高盈利能力及控制負債比例，以降低財務風險。,偉訓公司在2025Q3的財務狀況顯示出多方面的問題，包括償債能力弱、盈利能力低、資產管理效率差及負債比例過高。建議公司加強資產管理，提高盈利能力，並控制負債比例，以降低財務風險。
2025Q3,2356,英業達,2,,,,,,,40,黃燈,"償債能力：利息保障倍數、流動比、速動比均低於標準，顯示公司短期及長期償債能力均有問題。
盈利能力：營業利益率、營業毛利率、稅後淨利率均低於標準，需提升盈利能力。
資產管理：存貨佔營收比率、應收帳款佔營收比率高於標準，需加強資產管理。
負債管理：負債對淨值比率、負債總額比例過高，需改善負債管理。",英業達公司在2025Q3的財務狀況顯示出多方面的問題，包括償債能力弱、盈利能力低、資產管理效率差及負債比例過高。建議公司加強資產管理，提高盈利能力，並控制負債比例，以降低財務風險。,英業達公司在2025Q3的財務狀況顯示出多方面的問題，包括償債能力弱、盈利能力低、資產管理效率差及負債比例過高。建議公司加強資產管理，提高盈利能力，並控制負債比例，以降低財務風險。
2025Q3,2492,華新科技,2,,,,,,,70,綠燈,"償債能力：利息保障倍數、流動比、速動比均優於標準，顯示公司短期及長期償債能力強。
盈利能力：每股稅後盈餘、稅後淨利率均優於標準，顯示公司盈利能力強。
資產管理：固定資產週轉率、股東權益總額均符合標準，顯示公司資產管理良好。
負債管理：負債對淨值比率、負債總額、長期負債均符合標準，顯示公司負債管理合理。",華新科技公司在2025Q3的財務狀況顯示出多方面的優勢，包括償債能力強、盈利能力強及負債管理良好。但需注意存貨及應收帳款管理，以降低財務風險。,華新科技公司在2025Q3的財務狀況顯示出多方面的優勢，包括償債能力強、盈利能力強及負債管理良好。但需注意存貨及應收帳款管理，以降低財務風險。建議公司加強存貨管理，提高存貨週轉率，並改善應收帳款管理，以提升資產使用效率及減少財務風險。
2025Q3,4938,和碩,2,,,,,,,45,黃燈,"償債能力：利息保障倍數、流動比、速動比均優於標準，顯示公司短期及長期償債能力強。
盈利能力：每股稅後盈餘、總資產週轉率優於標準，但營業利益率和稅後淨利率偏低，需改善盈利能力。
資產使用效率：固定資產週轉率和存貨週轉率優於標準，顯示公司資產使用效率高。
負債管理：負債對淨值比率和負債總額偏高，需加強負債管理以降低財務風險。",和碩公司在2025Q3的財務狀況顯示出多方面的優勢，包括償債能力強、資產使用效率高及現金充足。但需注意盈利能力及負債管理，以降低財務風險。,和碩公司在2025Q3的財務狀況顯示出多方面的問題，包括盈利能力低、負債比例過高及現金流量不足。建議公司加強盈利能力，提高稅後淨利率及營業利益率，並控制負債比例，以降低財務風險。
2025Q3,3224,三顧,2,,,,,,,45,黃燈,"償債能力：利息保障倍數、現金流量比等指標低於標準，顯示公司償債能力較弱。
資產使用效率：固定資產週轉率、總資產週轉率等指標低於標準，顯示資產使用效率不佳。
盈利能力：每股稅後盈餘、營業利益率、稅後淨利率等指標低於標準，顯示公司盈利能力差。
流動性：流動比、現金比、速動比等指標高於標準，顯示公司短期償債能力強。",三顧公司在2025Q3的財務狀況顯示出多方面的問題，包括償債能力弱、盈利能力低及資產使用效率差，但流動性指標較好，顯示短期償債能力較強。,三顧公司在2025Q3的財務狀況顯示出多方面的問題，包括償債能力弱、盈利能力低、資產管理效率差及負債比例過高。建議公司加強資產管理，提高盈利能力，並控制負債比例，以降低財務風險。
2025Q3,8210,勤誠,2,,,,,,,75,綠燈,"償債能力：利息保障倍數遠高於標準，顯示公司償債能力強。
資產使用效率：固定資產週轉率和總資產週轉率均高於標準，顯示資產使用效率良好。
盈利能力：每股稅後盈餘、營業利益率和稅後淨利率均高於標準，顯示公司盈利能力強。
負債管理：負債對淨值比率和流動負債比例高於標準，需加強負債管理。",勤誠公司在2025Q3的財務狀況顯示出多方面的優勢，包括償債能力強、資產使用效率高及盈利能力強。但需注意負債管理，以降低財務風險。,勤誠公司在2025Q3的財務狀況顯示出多方面的問題，包括存貨管理、應收帳款管理及負債比例過高。建議公司加強存貨和應收帳款管理，提高資產周轉速度，並控制負債比例，以降低財務風險。
2025Q3,2474,可成,2,,,,,,,65,綠燈,"償債能力：利息保障倍數、流動比、速動比均優於標準，顯示公司短期及長期償債能力強。
資產使用效率：固定資產週轉率和總資產週轉率均低於標準，需提高資產使用效率。
盈利能力：每股稅後盈餘、營業利益率、營業毛利率和稅後淨利率均優於標準，顯示公司盈利能力強。
現金流量：現金流量比低於標準，需改善現金流量狀況。",可成公司在2025Q3的財務狀況顯示出多方面的優勢，包括償債能力強、盈利能力高及負債比例低。但需注意資產使用效率及現金流量狀況，以降低財務風險。,可成公司在2025Q3的財務狀況顯示出多方面的優勢，包括償債能力強、盈利能力高及負債比例低。但需注意資產使用效率及現金流量狀況。建議公司加強資產管理，提高資產使用效率，並改善現金流量狀況，以降低財務風險。
2025Q3,3078,CWT,2,,,,,,,70,綠燈,"償債能力：利息保障倍數、流動比、速動比均遠高於標準，顯示公司短期及長期償債能力非常強。
盈利能力：每股稅後盈餘、營業利益率、營業毛利率、稅後淨利率均高於標準，顯示公司盈利能力強。
資產使用效率：固定資產週轉率符合標準，但總資產週轉率低於標準，需改善資產使用效率。
負債管理：負債對淨值比率、負債總額均符合標準，顯示公司負債管理良好。",CWT公司在2025Q3的財務狀況顯示出多方面的優勢，包括償債能力強、盈利能力強及負債管理良好。但需注意資產使用效率及應收帳款管理，以降低財務風險。,CWT公司在2025Q3的財務狀況顯示出多方面的優勢，包括償債能力強、盈利能力強及負債管理良好。但需注意資產使用效率及應收帳款管理。建議公司加強資產管理，提高應收帳款週轉率，並控制存貨比例，以降低財務風險。
2025Q3,2385,群光,2,,,,,,,45,黃燈,"償債能力：利息保障倍數、現金比、現金流量比均優於標準，顯示公司短期及長期償債能力良好。
資產使用效率：固定資產週轉率優於標準，但總資產週轉率低於標準，需提高資產使用效率。
盈利能力：營業利益率、營業毛利率、每股稅後盈餘均低於標準，盈利能力需提高。
負債管理：負債對淨值比率及負債總額均高於標準，需控制負債比例。",群光公司在2025Q3的財務狀況顯示出多方面的問題，包括盈利能力低、資產管理效率差及負債比例過高。償債能力較強，但需注意存貨及應收帳款管理，以降低財務風險。,群光公司在2025Q3的財務狀況顯示出多方面的問題，包括盈利能力低、資產管理效率差及負債比例過高。建議公司加強資產管理，提高盈利能力，並控制負債比例，以降低財務風險。
2025Q3,6414,樺漢,2,,,,,,,65,綠燈,"償債能力：利息保障倍數、流動比、現金比等指標均優於標準，顯示公司短期及長期償債能力強。
資產使用效率：固定資產週轉率高於標準，但總資產週轉率接近標準，顯示公司資產使用效率尚可。
盈利能力：每股稅後盈餘及稅後淨利率均優於標準，顯示公司盈利能力強。
負債管理：負債對淨值比率及負債總額比例稍高，需注意負債管理以降低財務風險。",樺漢公司在2025Q3的財務狀況顯示出多方面的優勢，包括償債能力強、資產使用效率高及盈利能力強。但需注意負債管理，以降低財務風險。,樺漢公司在2025Q3的財務狀況顯示出多方面的問題，包括存貨管理、應收帳款管理及負債比例過高。建議公司加強存貨及應收帳款管理，提高資產回報率，並控制負債比例，以降低財務風險。
2025Q3,2409,友達,2,,,,,,,25,紅燈,"償債能力：利息保障倍數、流動比、速動比均低於標準，顯示公司短期及長期償債能力均有問題。
盈利能力：每股稅後盈餘、稅後淨利率、股東權益報酬率均低於標準，顯示公司盈利能力差。
資產使用效率：總資產週轉率、固定資產週轉率均低於標準，顯示公司資產使用效率一般。
負債管理：負債對淨值比率、負債總額均高於標準，顯示公司負債比例過高。",友達公司在2025Q3的財務狀況顯示出多方面的問題，包括償債能力弱、盈利能力低、資產使用效率一般及負債比例過高。建議公司加強資產管理，提高盈利能力，並控制負債比例，以降低財務風險。,友達公司在2025Q3的財務狀況顯示出多方面的問題，包括償債能力弱、盈利能力低、資產使用效率一般及負債比例過高。建議公司加強資產管理，提高盈利能力，並控制負債比例，以降低財務風險。
2025Q3,3515,華擎,2,,,,,,,55,黃燈,"償債能力：利息保障倍數、流動比、現金比均高於標準，顯示公司短期及長期償債能力強。
資產使用效率：固定資產週轉率、總資產週轉率均高於標準，顯示資產使用效率良好。
盈利能力：每股稅後盈餘及其年成長率均高於標準，但營業利益率及稅後淨利率偏低，需注意盈利能力的提升。
負債管理：負債對淨值比率及流動負債比例偏高，需注意負債管理。",華擎公司在2025Q3的財務狀況顯示出多方面的優勢，包括償債能力強、資產使用效率高及盈利能力良好。但需注意存貨管理及負債比例，以降低財務風險。,華擎公司在2025Q3的財務狀況顯示出多方面的問題，包括存貨管理效率低、負債比例偏高及盈利能力偏低。建議公司加強存貨管理，提高盈利能力，並控制負債比例，以降低財務風險。
2025Q3,2377,微星,2,,,,,,,45,黃燈,"償債能力：利息保障倍數遠高於標準，但速動比低於標準，顯示短期償債能力有待加強。
資產管理：固定資產週轉率極高，但存貨週轉率與應收帳款週轉率偏低，顯示資產管理效率需改善。
盈利能力：營業利益率與稅後淨利率均低於標準，顯示公司盈利能力不足。
負債管理：負債對淨值比率與負債總額均高於標準，顯示公司負債壓力較大。",微星公司在2025Q3的財務狀況顯示出多方面的問題，包括償債能力需加強、資產管理效率低、盈利能力不足及負債壓力大。建議公司加強資產管理，提高盈利能力，並控制負債比例，以降低財務風險。,微星公司在2025Q3的財務狀況顯示出多方面的問題，包括償債能力需加強、資產管理效率低、盈利能力不足及負債壓力大。建議公司加強資產管理，提高盈利能力，並控制負債比例，以降低財務風險。
2025Q3,2454,聯發科,2,,,,,,,85,綠燈,"償債能力：利息保障倍數、流動比、速動比均高於標準，顯示公司短期及長期償債能力均良好。
盈利能力：毛利率、淨利率、每股盈餘等指標均高於標準，顯示公司盈利能力強。
資產使用效率：總資產週轉率、固定資產週轉率略低於標準，但仍在合理範圍內。
現金流：現金比率、營業現金流量比率等指標均高於標準，顯示公司現金流充足。",聯發科公司在2025Q3的財務狀況顯示出多方面的優勢，包括償債能力強、盈利能力強及現金流充足。雖然部分資產使用效率指標略低於標準，但整體財務狀況良好。,聯發科公司在2025Q3的財務狀況顯示出多方面的優勢，包括償債能力強、盈利能力強及現金流充足。建議公司持續關注資產使用效率，特別是固定資產週轉率和應收帳款週轉率，以進一步提升資產管理效率。
2025Q3,6835,圓裕,2,,,,,,,55,黃燈,"償債能力：利息保障倍數、流動比、速動比均優於標準，顯示公司短期及長期償債能力強。
盈利能力：稅後淨利率、每股稅後盈餘年成長率符合標準，但每股稅後盈餘偏低。
資產使用效率：固定資產週轉率、總資產週轉率均低於標準，顯示資產使用效率偏低。
負債管理：負債對淨值比率、負債總額高於標準，顯示公司負債比例偏高。",圓裕公司在2025Q3的財務狀況顯示出短期及長期償債能力強，但需注意資產使用效率及負債管理，以降低財務風險。,圓裕公司在2025Q3的財務狀況顯示出多方面的問題，包括資產使用效率低、負債比例偏高及現金流量不足。建議公司加強資產管理，提高資產使用效率，並控制負債比例，以降低財務風險。
2025Q3,3036,文曄,2,,,,,,,45,黃燈,"償債能力：利息保障倍數、流動比、速動比均低於標準，顯示公司短期及長期償債能力均有問題。
資產使用效率：固定資產週轉率和總資產週轉率均高於標準，顯示公司資產使用效率高。
盈利能力：每股稅後盈餘年成長率高於標準，但稅後淨利率和營業利益率低於標準，需改善盈利能力。
負債管理：負債對淨值比率和負債總額均高於標準，需注意負債管理。",文曄公司在2025Q3的財務狀況顯示出多方面的問題，包括償債能力弱、盈利能力低、負債比例過高。雖然資產使用效率高，但需加強資產管理，提高盈利能力，並控制負債比例，以降低財務風險。,文曄公司在2025Q3的財務狀況顯示出多方面的問題，包括償債能力弱、盈利能力低、負債比例過高。建議公司加強資產管理，提高盈利能力，並控制負債比例，以降低財務風險。
2025Q3,3481,群創,2,,,,,,,45,黃燈,"償債能力：流動比、速動比和現金比均優於標準，顯示公司短期償債能力強。但利息保障倍數低於標準，需注意長期償債能力。
盈利能力：每股稅後盈餘和稅後淨利率均低於標準，盈利能力較弱。
資產使用效率：固定資產週轉率和總資產週轉率均低於標準，顯示資產使用效率偏低。
負債管理：負債對淨值比率和負債總額均符合標準，長期負債比例低，顯示負債管理良好。",群創公司在2025Q3的財務狀況顯示出短期償債能力強，但盈利能力和資產使用效率偏低，需改善存貨和應收帳款管理。,群創公司在2025Q3的財務狀況顯示出多方面的問題，包括盈利能力低、資產使用效率差及存貨管理不善。建議公司加強存貨和應收帳款管理，提高資產使用效率，並提升盈利能力，以降低財務風險。
2025Q3,2483,百容,2,,,,,,,45,黃燈,"償債能力：利息保障倍數、現金流量比均低於標準，顯示公司短期及長期償債能力均有問題。
資產使用效率：固定資產週轉率、總資產週轉率均低於標準，顯示公司資產使用效率低。
盈利能力：營業利益率、稅後淨利率均低於標準，顯示公司盈利能力差。
負債管理：負債對淨值比率、負債總額均優於標準，顯示公司負債管理良好。",百容公司在2025Q3的財務狀況顯示出多方面的問題，包括償債能力弱、資產使用效率低及盈利能力差。然而，公司在負債管理方面表現良好，負債比例較低。綜合評估給予45分，屬於黃燈。,百容公司在2025Q3的財務狀況顯示出多方面的問題，包括償債能力弱、盈利能力低、資產管理效率差。建議公司加強資產管理，提高盈利能力，並控制存貨及應收帳款，以降低財務風險。
2025Q3,6227,茂綸,2,,,,,,,55,黃燈,"償債能力：利息保障倍數優於標準，流動比和速動比符合標準，但流動負債比例偏高。
資產使用效率：固定資產週轉率和總資產週轉率優於標準，但應收帳款週轉率偏低。
盈利能力：每股稅後盈餘和年成長率優於標準，但營業毛利率偏低。
負債管理：負債對淨值比率和負債總額比例偏高，需注意負債管理。",茂綸公司在2025Q3的財務狀況顯示出部分優勢，包括償債能力強、資產使用效率高及盈利能力增長快。但需注意負債管理和存貨、應收帳款的管理，以降低財務風險。,茂綸公司在2025Q3的財務狀況顯示出一些風險，包括負債比例偏高、存貨及應收帳款管理需改善。建議公司加強負債管理，降低負債比例，同時提高存貨和應收帳款的周轉速度，以改善財務狀況。
2025Q3,6217,中探針,2,,,,,,,45,黃燈,"償債能力：利息保障倍數、流動比、速動比均低於標準，顯示公司短期及長期償債能力均有問題。
資產管理：固定資產週轉率、存貨週轉率及總資產週轉率均低於標準，顯示公司資產使用效率低。
盈利能力：每股稅後盈餘、稅後淨利率及股東權益報酬率均低於標準，顯示公司盈利能力較弱。
負債管理：負債對淨值比率及負債總額接近或高於標準，顯示公司負債比例過高，需加強控制。",中探針公司在2025Q3的財務狀況顯示出多方面的問題，包括償債能力弱、資產使用效率低及盈利能力弱。雖然部分指標符合標準，但整體財務風險仍需關注。,中探針公司在2025Q3的財務狀況顯示出多方面的問題，包括償債能力弱、盈利能力低、資產管理效率差及負債比例過高。建議公司加強資產管理，提高盈利能力，並控制負債比例，以降低財務風險。
2025Q3,3673,TPK-KY,2,,,,,,,55,黃燈,"償債能力：流動比、速動比、現金比均高於標準，顯示公司短期償債能力良好，但利息保障倍數偏低。
資產使用效率：固定資產週轉率高於標準，但總資產週轉率偏低，需改善資產使用效率。
盈利能力：每股稅後盈餘及其年成長率高於標準，但營業利益率、營業毛利率及稅後淨利率均偏低。
負債管理：負債對淨值比率及負債總額偏高，需加強負債管理。",TPK-KY公司在2025Q3的財務狀況顯示出短期償債能力強、資產使用效率良好及盈利能力有所提升。但需注意負債管理及改善盈利能力，以降低財務風險。,TPK-KY公司在2025Q3的財務狀況顯示出短期償債能力良好，但存在多方面的問題，包括盈利能力偏低、負債比例過高及資產使用效率需改善。建議公司加強盈利能力，提高營業利益率及毛利率，並控制負債比例，以降低財務風險。
2025Q3,3042,晶技,2,,,,,,,75,綠燈,"償債能力：利息保障倍數、流動比、速動比、現金比均遠高於標準，顯示公司短期及長期償債能力強。
盈利能力：營業利益率、營業毛利率、稅後淨利率均高於標準，顯示公司盈利能力強。
資產管理：固定資產週轉率符合標準，但存貨週轉率、應收帳款週轉率、總資產週轉率均低於標準，顯示資產管理效率需改善。
股東權益：股東權益總額比例高於標準，但股東權益報酬率低於標準，顯示股東權益回報需改善。",晶技公司在2025Q3的財務狀況顯示出多方面的優勢，包括償債能力強、盈利能力強及負債管理良好。但需注意資產管理效率及股東權益回報，以進一步提升財務表現。,晶技公司在2025Q3的財務狀況顯示出多方面的優勢，包括償債能力強、盈利能力強及負債管理良好。然而，公司在資產管理效率及股東權益回報方面存在一定風險。建議公司加強應收帳款與存貨管理，提高資產使用效率，並提升股東權益回報，以進一步降低財務風險。
2025Q3,8085,福華,2,,,,,,,55,黃燈,"償債能力：利息保障倍數、流動比、速動比均優於標準，顯示公司短期及長期償債能力均強。
資產使用效率：固定資產週轉率、總資產週轉率均低於標準，顯示公司資產使用效率低。
盈利能力：每股稅後盈餘、營業利益率、營業毛利率均低於標準，顯示公司盈利能力弱。
負債管理：負債對淨值比率高於標準，顯示公司負債比例高，需注意負債管理。",福華公司在2025Q3的財務狀況顯示出多方面的問題，包括資產使用效率低、盈利能力弱及負債比例過高。償債能力強，但需注意資產管理及負債控制，以降低財務風險。,福華公司在2025Q3的財務狀況顯示出多方面的問題，包括資產使用效率低、盈利能力弱及負債比例過高。建議公司加強資產管理，提高盈利能力，並控制負債比例，以降低財務風險。
2025Q3,6462,神盾,2,,,,,,,45,黃燈,"償債能力：利息保障倍數、流動比、速動比均低於標準，顯示公司短期及長期償債能力均有問題。
盈利能力：每股稅後盈餘、稅後淨利率、營業利益率均低於標準，顯示公司盈利能力差。
資產管理：總資產週轉率、資產報酬率低於標準，顯示公司資產使用效率差。
現金流量：現金流量比低於標準，顯示公司現金流量不穩定。",神盾公司在2025Q3的財務狀況顯示出多方面的問題，包括償債能力弱、盈利能力低、資產管理效率差及現金流量不穩定。建議公司加強資產管理，提高盈利能力，並控制負債比例，以降低財務風險。,神盾公司在2025Q3的財務狀況顯示出多方面的問題，包括償債能力弱、盈利能力低、資產管理效率差及現金流量不穩定。建議公司加強資產管理，提高盈利能力，並控制負債比例，以降低財務風險。
2025Q3,6719,力智,2,,,,,,,85,綠燈,"償債能力：利息保障倍數、流動比、速動比均遠高於標準，顯示公司短期及長期償債能力強。
盈利能力：每股稅後盈餘、稅後淨利率、營業利益率、營業毛利率均高於標準，顯示公司盈利能力強。
資產使用效率：固定資產週轉率高於標準，但總資產週轉率低於標準，需加強資產使用效率。
負債管理：負債對淨值比率、負債總額、長期負債均遠低於標準，顯示公司負債管理良好。",力智公司在2025Q3的財務狀況顯示出多方面的優勢，包括償債能力強、盈利能力強及負債管理良好。但需注意資產使用效率，特別是總資產週轉率。,力智公司在2025Q3的財務狀況顯示出多方面的優勢，包括償債能力強、盈利能力強及負債管理良好。然而，公司在資產使用效率方面存在問題，特別是總資產週轉率低於標準，需加強資產管理。此外，存貨佔營收比率及應收帳款佔營收比率較高，需改善存貨及應收帳款管理，以降低財務風險。
2025Q3,6117,迎廣,2,,,,,,,55,黃燈,"償債能力：利息保障倍數、流動比、速動比均優於標準，顯示公司短期及長期償債能力強。
盈利能力：每股稅後盈餘、營業利益率、營業毛利率、稅後淨利率均優於標準，顯示公司盈利能力強。
資產管理：固定資產週轉率、存貨週轉率、應收帳款週轉率、總資產週轉率均低於標準，顯示公司資產管理效率偏低。
負債管理：負債對淨值比率、負債總額均高於標準，顯示公司負債比例偏高。",迎廣公司在2025Q3的財務狀況顯示出多方面的優勢，包括償債能力強、盈利能力高。但需注意資產管理效率偏低及負債比例偏高，這些因素可能會影響公司的長期穩定性。,迎廣公司在2025Q3的財務狀況顯示出多方面的問題，包括資產管理效率低、負債比例高。建議公司加強資產管理，提高資產使用效率，並控制負債比例，以降低財務風險。
2025Q3,4153,鈺緯,2,,,,,,,55,黃燈,"償債能力：利息保障倍數、流動比、速動比及現金比均高於標準，顯示公司短期及長期償債能力強。
盈利能力：每股稅後盈餘及其年成長率低於標準，顯示盈利能力弱。
資產使用效率：固定資產週轉率、存貨週轉率及總資產週轉率均低於標準，顯示資產使用效率低。
應收帳款管理：應收帳款佔營收比率及應收帳款週轉率均低於標準，顯示應收帳款管理不佳。",鈺緯公司在2025Q3的財務狀況顯示出償債能力強，但盈利能力弱，資產使用效率低及應收帳款管理不佳。綜合評估得分為55分，屬於黃燈。,鈺緯公司在2025Q3的財務狀況顯示出償債能力強，但盈利能力弱，資產使用效率低及應收帳款管理不佳。建議公司提高盈利能力，改善資產使用效率及加強應收帳款管理，以降低財務風險。
2025Q3,3029,零壹,2,,,,,,,65,綠燈,"償債能力：利息保障倍數、流動比、速動比均高於標準，顯示公司短期及長期償債能力強。
資產使用效率：固定資產週轉率及總資產週轉率均高於標準，顯示公司資產使用效率高。
盈利能力：每股稅後盈餘、營業利益率、營業毛利率均高於標準，顯示公司盈利能力強。
負債管理：負債對淨值比率及負債總額均高於標準，顯示公司負債比例需注意。",零壹公司在2025Q3的財務狀況顯示出多方面的優勢，包括償債能力強、資產使用效率高及盈利能力強。但需注意負債管理，以降低財務風險。,零壹公司在2025Q3的財務狀況顯示出多方面的問題，包括應收帳款管理效率低、股東權益比例低及負債比例過高。建議公司加強應收帳款管理，提高股東權益比例，並控制負債比例，以降低財務風險。
2025Q3,6411,晶焱,2,,,,,,,70,綠燈,"償債能力：利息保障倍數、流動比、現金比等指標均遠高於標準，顯示公司短期及長期償債能力非常強。
盈利能力：每股稅後盈餘、稅後淨利率、營業毛利率等指標均高於標準，顯示公司盈利能力良好。
資產管理：固定資產週轉率、總資產週轉率等指標低於標準，顯示公司資產使用效率需改善。
負債管理：負債對淨值比率、負債總額等指標均符合標準，顯示公司負債比例合理。",晶焱公司在2025Q3的財務狀況顯示出多方面的優勢，包括償債能力強、盈利能力良好及負債比例合理。但需注意資產管理效率，以降低財務風險。,晶焱公司在2025Q3的財務狀況顯示出多方面的優勢，包括償債能力強、盈利能力良好及負債比例合理。然而，資產使用效率較低，存貨及應收帳款管理需改善。建議公司加強資產管理，提高存貨及應收帳款周轉率，以降低財務風險。
2025Q3,6272,驊陞,2,,,,,,,55,黃燈,"償債能力：利息保障倍數、流動比、速動比均符合或優於標準，但現金比和現金流量比低於標準，需改善現金流管理。
資產使用效率：固定資產週轉率和存貨週轉率低於標準，顯示資產使用效率需改善。
盈利能力：每股稅後盈餘及其年成長率、營業利益率、營業毛利率、稅後淨利率均優於標準，顯示盈利能力強。
負債管理：負債對淨值比率及負債總額高於標準，需改善負債管理。",驊陞公司在2025Q3的財務狀況顯示出盈利能力強，但需注意資產使用效率和負債管理，以降低財務風險。,驊陞公司在2025Q3的財務狀況顯示出盈利能力強，但資產使用效率和負債管理存在問題。建議公司加強資產管理，提高存貨和應收帳款週轉率，並控制負債比例，以降低財務風險。
2025Q3,2382,廣達,2,,,,,,,45,黃燈,"償債能力：流動比和利息保障倍數優於標準，但速動比和現金流量比低於標準。
資產使用效率：固定資產週轉率和總資產週轉率優於標準，但存貨週轉率略低於標準。
盈利能力：每股稅後盈餘優於標準，但稅後淨利率和營業利益率低於標準。
負債管理：負債對淨值比率和負債總額高於標準，需注意負債比例過高的風險。",廣達公司在2025Q3的財務狀況顯示出多方面的問題，包括償債能力、盈利能力和負債管理。雖然部分指標優於標準，但整體財務風險仍需注意。,廣達公司在2025Q3的財務狀況顯示出多方面的問題，包括存貨管理、應收帳款管理、盈利能力和負債比例。建議公司加強存貨和應收帳款管理，提高盈利能力，並控制負債比例，以降低財務風險。
2025Q3,2478,大毅,2,,,,,,,75,綠燈,"償債能力：利息保障倍數、流動比、現金比等指標均優於標準，顯示公司短期及長期償債能力強。
資產使用效率：固定資產週轉率、總資產週轉率均低於標準，顯示公司資產使用效率需改善。
盈利能力：每股稅後盈餘、營業利益率、稅後淨利率均符合或優於標準，顯示公司盈利能力強。
負債管理：負債對淨值比率、負債總額、長期負債均優於標準，顯示公司負債管理良好。",大毅公司在2025Q3的財務狀況顯示出多方面的優勢，包括償債能力強、盈利能力良好及負債管理良好。但需注意資產使用效率的改善，以進一步提升財務表現。,大毅公司在2025Q3的財務狀況整體良好，但需要特別關注資產使用效率的問題。建議公司加強資產管理，提高固定資產及總資產的使用效率，以進一步提升公司的整體財務表現。
2025Q3,8234,新漢,2,,,,,,,45,黃燈,"償債能力：利息保障倍數、速動比均低於標準，顯示公司短期及長期償債能力均有問題。
盈利能力：每股稅後盈餘及稅後淨利率均低於標準，顯示公司盈利能力差。
資產使用效率：總資產週轉率及存貨週轉率均低於標準，顯示公司資產使用效率低。
現金流量：現金比及現金流量比符合標準，顯示公司現金流量狀況良好。",新漢公司在2025Q3的財務狀況顯示出多方面的問題，包括償債能力弱、盈利能力差、資產管理效率低。儘管現金流量狀況良好，但整體財務狀況仍需改善。,新漢公司在2025Q3的財務狀況顯示出多方面的問題，包括償債能力弱、盈利能力低、資產管理效率差及存貨管理效率差。建議公司加強資產管理，提高盈利能力，並控制存貨比例，以降低財務風險。
2025Q3,6274,台燿,2,,,,,,,72,綠燈,"償債能力：利息保障倍數、流動比、速動比均高於標準，顯示公司短期及長期償債能力強。
盈利能力：每股稅後盈餘、每股稅後盈餘年成長率、營業利益率、營業毛利率及稅後淨利率均高於標準，顯示公司盈利能力強。
資產管理效率：固定資產週轉率符合標準，但總資產週轉率及資產報酬率低於標準，顯示資產使用效率需改善。
負債管理：負債對淨值比率、負債總額及長期負債均符合標準，顯示負債管理良好。",台燿公司在2025Q3的財務狀況顯示出多方面的優勢，包括償債能力強、盈利能力強及負債管理良好。但需注意資產使用效率及現金流量狀況，以降低財務風險。,台燿公司在2025Q3的財務狀況顯示出多方面的優勢，包括償債能力強、盈利能力強及負債管理良好。但需注意資產使用效率及現金流量狀況，以降低財務風險。建議公司加強資產管理，提高資產回報率及總資產週轉率，並改善現金流量狀況。
2025Q3,2337,旺宏,2,,,,,,,45,黃燈,"償債能力：流動比、速動比和現金比均高於標準，顯示公司短期償債能力強，但利息保障倍數極低，長期償債能力有問題。
資產使用效率：固定資產週轉率和總資產週轉率均低於標準，顯示資產使用效率低。
盈利能力：營業利益率、營業毛利率和稅後淨利率均低於標準，顯示公司盈利能力較弱。
負債管理：負債對淨值比率和負債總額均符合標準，顯示公司負債管理良好。",旺宏公司在2025Q3的財務狀況顯示出短期償債能力強和負債管理良好，但資產使用效率和盈利能力較弱，需加強資產管理和提升盈利能力。,旺宏公司在2025Q3的財務狀況顯示出多方面的問題，包括資產使用效率低、盈利能力弱和長期償債能力不足。建議公司加強資產管理，提高資產使用效率，並提升盈利能力，以降低財務風險。
2025Q3,8096,擎亞,2,,,,,,,25,紅燈,"償債能力：利息保障倍數、流動比、速動比均低於標準，顯示公司短期及長期償債能力均有問題。
盈利能力：稅後淨利率、每股稅後盈餘、營業利益率均低於標準，顯示公司盈利能力不足。
資產管理效率：固定資產週轉率、總資產週轉率高於標準，顯示公司資產使用效率高。
負債管理：負債對淨值比率、負債總額均高於標準，顯示公司負債比例過高。",擎亞公司在2025Q3的財務狀況顯示出多方面的問題，包括償債能力弱、盈利能力低、負債比例過高。建議公司加強資產管理，提高盈利能力，並控制負債比例，以降低財務風險。,擎亞公司在2025Q3的財務狀況顯示出多方面的問題，包括償債能力弱、盈利能力低、負債比例過高。建議公司加強資產管理，提高盈利能力，並控制負債比例，以降低財務風險。
2025Q3,2420,新巨,2,,,,,,,75,綠燈,"償債能力：利息保障倍數、流動比、速動比均遠優於標準，顯示公司短期及長期償債能力強。
盈利能力：營業利益率、營業毛利率、稅後淨利率均遠優於標準，顯示公司盈利能力強。
資產管理：固定資產週轉率、存貨週轉率、總資產週轉率均低於標準，顯示公司資產使用效率需改善。
負債管理：負債對淨值比率、負債總額、長期負債均優於標準，顯示公司負債管理良好。",新巨公司在2025Q3的財務狀況顯示出多方面的優勢，包括償債能力強、盈利能力強及負債管理良好。但需注意資產管理效率，以降低財務風險。,新巨公司在2025Q3的財務狀況顯示出多方面的優勢，包括償債能力強、盈利能力強及負債管理良好。然而，公司在資產管理方面存在一定的風險，固定資產週轉率、存貨週轉率及總資產週轉率均低於標準，顯示資產使用效率需改善。建議公司加強資產管理，提高資產使用效率，以降低財務風險。
2025Q3,3526,凡甲,2,,,,,,,70,綠燈,"償債能力：利息保障倍數、流動比、速動比均遠優於標準，顯示公司短期及長期償債能力強。
資產使用效率：固定資產週轉率優於標準，但總資產週轉率低於標準，需提升總資產使用效率。
盈利能力：營業利益率、營業毛利率、稅後淨利率均優於標準，顯示公司盈利能力強。
應收帳款管理：應收帳款佔營收比率及應收帳款週轉率均劣於標準，需加強應收帳款管理。",凡甲公司在2025Q3的財務狀況顯示出多方面的優勢，包括償債能力強、資產使用效率高及盈利能力強。但需注意應收帳款管理及總資產使用效率，以進一步降低財務風險。,凡甲公司在2025Q3的財務狀況顯示出多方面的優勢，包括償債能力強、盈利能力高及現金儲備充足。然而，應收帳款管理及總資產使用效率較低，這些方面需加強管理，以進一步降低財務風險。建議公司加強應收帳款管理，提升總資產使用效率，並持續監控現金流量，以確保財務穩定。
2025Q3,3483,力致,2,,,,,,,55,黃燈,"償債能力：利息保障倍數、流動比、速動比均高於標準，顯示公司短期及長期償債能力強。
資產使用效率：固定資產週轉率和總資產週轉率均符合標準，但存貨週轉率和應收帳款週轉率低於標準，需改善資產管理效率。
盈利能力：每股稅後盈餘和稅後淨利率均符合標準，但股東權益報酬率和資產報酬率低於標準，需提高盈利能力。
負債管理：負債對淨值比率和負債總額均高於標準，需控制負債比例以降低財務風險。",力致公司在2025Q3的財務狀況顯示出多方面的優勢，包括償債能力強、資產使用效率高及盈利能力良好。但需注意存貨和應收帳款管理，以提高資產使用效率，並控制負債比例，以降低財務風險。,力致公司在2025Q3的財務狀況顯示出一些問題，包括存貨管理和應收帳款管理效率低、負債比例較高。建議公司加強存貨和應收帳款管理，提高資產使用效率，並控制負債比例，以降低財務風險。
2025Q3,6226,光鼎,2,,,,,,,40,黃燈,"償債能力：利息保障倍數、流動比、速動比均低於標準，顯示公司短期及長期償債能力均有問題。
資產使用效率：固定資產週轉率和總資產週轉率均低於標準，顯示資產使用效率低。
盈利能力：營業利益率和稅後淨利率均低於標準，顯示盈利能力弱。
負債管理：負債對淨值比率和負債總額均高於標準，顯示負債比例過高。",光鼎公司在2025Q3的財務狀況顯示出多方面的問題，包括償債能力弱、資產使用效率低、盈利能力低及負債比例過高。需加強資產管理，提高盈利能力，並控制負債比例，以降低財務風險。,光鼎公司在2025Q3的財務狀況顯示出多方面的問題，包括償債能力弱、盈利能力低、資產管理效率差及負債比例過高。建議公司加強資產管理，提高盈利能力，並控制負債比例，以降低財務風險。
2025Q3,3630,新鉅科,2,,,,,,,45,黃燈,"償債能力：利息保障倍數、現金流量比、應收帳款週轉率均低於標準，顯示公司短期及長期償債能力均有問題。
資產使用效率：總資產週轉率、固定資產週轉率均低於標準，顯示公司資產使用效率偏低。
盈利能力：營業利益率、稅後淨利率、每股稅後盈餘均低於標準，顯示公司盈利能力不足。
財務結構：股東權益總額、負債對淨值比率、負債總額均優於標準，顯示公司財務結構穩健。",新鉅科公司在2025Q3的財務狀況顯示出多方面的問題，包括償債能力弱、盈利能力低、資產管理效率差。儘管財務結構較為穩健，但整體財務狀況仍需改善。,新鉅科公司在2025Q3的財務狀況顯示出多方面的問題，包括償債能力弱、盈利能力低、資產管理效率差。建議公司加強資產管理，提高盈利能力，並控制應收帳款及存貨比例，以降低財務風險。
2025Q3,3338,泰碩,2,,,,,,,55,黃燈,"償債能力：利息保障倍數、流動比、速動比均符合或優於標準，顯示公司短期及長期償債能力良好。
資產使用效率：固定資產週轉率符合標準，但總資產週轉率略低於標準，需提高資產使用效率。
盈利能力：營業利益率、營業毛利率和稅後淨利率均低於標準，顯示公司盈利能力偏弱。
現金流量：現金流量比低於標準，顯示公司現金流量不足，需加強現金管理。",泰碩公司在2025Q3的財務狀況顯示出一定的償債能力和資產使用效率，但盈利能力和現金流量方面存在明顯不足，需加強管理。,泰碩公司在2025Q3的財務狀況顯示出多方面的問題，包括盈利能力低、現金流量不足及資產管理效率偏低。建議公司加強資產管理，提高盈利能力，並控制現金流量，以降低財務風險。
2025Q3,3594,磐儀,2,,,,,,,55,黃燈,"償債能力：利息保障倍數、流動比、現金比均優於標準，但速動比和現金流量比低於標準，顯示短期償債能力有待改善。
盈利能力：每股稅後盈餘年成長率、營業毛利率和稅後淨利率均優於標準，但每股稅後盈餘和營業利益率偏低，盈利能力有待提升。
資產管理：固定資產週轉率、存貨週轉率、應收帳款週轉率均低於標準，顯示資產使用效率不佳。
負債管理：負債對淨值比率和負債總額均符合標準，長期負債比例低，顯示負債管理良好。",磐儀公司在2025Q3的財務狀況顯示出短期償債能力和資產使用效率有待改善，但盈利能力和負債管理方面表現良好。綜合評估給予55分，燈號為黃燈。,磐儀公司在2025Q3的財務狀況顯示出短期償債能力和資產使用效率存在問題，特別是存貨管理和應收帳款管理方面。建議公司加強資產管理，提高存貨週轉率和應收帳款週轉率，並改善現金流量，以降低財務風險。
2025Q3,6425,易發,2,,,,,,,25,紅燈,"償債能力：利息保障倍數、流動比、速動比均低於標準，顯示公司短期及長期償債能力均有問題。
盈利能力：每股稅後盈餘、稅後淨利率、股東權益報酬率均為負值，盈利能力差。
資產使用效率：固定資產週轉率、存貨週轉率、總資產週轉率均低於標準，資產使用效率差。
負債管理：負債對淨值比率及負債總額均高於標準，負債比例過高。",易發公司在2025Q3的財務狀況顯示出多方面的問題，包括償債能力弱、盈利能力低、資產管理效率差及負債比例過高。建議公司加強資產管理，提高盈利能力，並控制負債比例，以降低財務風險。,易發公司在2025Q3的財務狀況顯示出多方面的問題，包括償債能力弱、盈利能力低、資產管理效率差及負債比例過高。建議公司加強資產管理，提高盈利能力，並控制負債比例，以降低財務風險。
2025Q3,6146,耕興,2,,,,,,,75,綠燈,"償債能力：利息保障倍數、流動比、速動比均遠高於標準，顯示公司短期及長期償債能力非常強。
盈利能力：營業利益率、營業毛利率、稅後淨利率均高於標準，顯示公司盈利能力良好。
資產管理：存貨週轉率高於標準，但固定資產週轉率和總資產週轉率低於標準，需提高資產使用效率。
應收帳款管理：應收帳款佔營收比率和應收帳款週轉率均低於標準，顯示應收帳款回收速度較慢，存在回收風險。",耕興公司在2025Q3的財務狀況顯示出多方面的優勢，包括償債能力強、盈利能力良好及負債比例合理。但需注意資產使用效率及應收帳款管理，以降低財務風險。,耕興公司在2025Q3的財務狀況顯示出多方面的問題，包括資產使用效率低、應收帳款比例過高及回收速度較慢。建議公司加強資產管理，提高資產使用效率，並改善應收帳款管理，以降低財務風險。
2025Q3,8043,蜜望實,2,,,,,,,65,綠燈,"償債能力：利息保障倍數、流動比、速動比均優於標準，顯示公司短期及長期償債能力強。
盈利能力：每股稅後盈餘年成長率高，但每股稅後盈餘和營業利益率低於標準，需提高盈利能力。
資產管理：固定資產週轉率和總資產週轉率均優於標準，但存貨和應收帳款管理需改善。
負債管理：負債對淨值比率和負債總額均符合標準，顯示公司負債管理正常。",蜜望實公司在2025Q3的財務狀況顯示出多方面的優勢，包括償債能力強、資產使用效率高及負債管理正常。但需注意提高盈利能力及改善存貨和應收帳款管理，以降低財務風險。,蜜望實公司在2025Q3的財務狀況顯示出多方面的問題，包括盈利能力偏弱、存貨管理效率低及應收帳款管理需改善。建議公司加強盈利能力，提高存貨和應收帳款管理效率，以降低財務風險。
2025Q3,6412,群電,2,,,,,,,45,黃燈,"償債能力：利息保障倍數優於標準，但流動比和速動比低於標準，顯示公司短期償債能力有待提升。
盈利能力：每股稅後盈餘和稅後淨利率均低於標準，顯示公司盈利能力較弱。
資產使用效率：固定資產週轉率和總資產週轉率優於標準，顯示公司資產使用效率高。
負債管理：負債對淨值比率和負債總額高於標準，顯示公司負債比例過高，需加強控制。",群電公司在2025Q3的財務狀況顯示出多方面的問題，特別是在盈利能力和負債管理方面。雖然資產使用效率較高，但需加強現金流量管理和提升盈利能力，以降低財務風險。,群電公司在2025Q3的財務狀況顯示出多方面的問題，包括盈利能力低、負債比例過高及現金流量不足。建議公司加強盈利能力，控制負債比例，並提升現金流量管理，以降低財務風險。
2025Q3,4995,晶達,2,,,,,,,55,黃燈,"償債能力：利息保障倍數、流動比和速動比均優於標準，顯示公司短期及長期償債能力良好。
資產使用效率：固定資產週轉率和總資產週轉率均低於標準，顯示公司資產使用效率偏低。
盈利能力：每股稅後盈餘、稅後淨利率和股東權益報酬率均低於標準，顯示公司盈利能力偏弱。
現金流量：現金流量比低於標準，顯示公司現金流量管理有待改善。",綜合評估顯示晶達公司在2025Q3的財務狀況有一些優勢，包括良好的償債能力和合理的負債比例。但需注意資產使用效率和盈利能力的改善，以降低財務風險。,晶達公司在2025Q3的財務狀況顯示出一些問題，包括資產使用效率低、盈利能力偏弱及現金流量管理有待改善。建議公司加強資產管理，提高盈利能力，並改善現金流量管理，以降低財務風險。
2025Q3,3227,原相,2,,,,,,,75,綠燈,"償債能力：利息保障倍數、流動比、速動比均遠高於標準，顯示公司短期及長期償債能力非常強。
盈利能力：每股稅後盈餘、營業利益率、營業毛利率、稅後淨利率均高於標準，顯示公司盈利能力強。
資產管理：固定資產週轉率、應收帳款週轉率均高於標準，但總資產週轉率和資產報酬率低於標準，需改善資產使用效率。
負債管理：負債比例、長期負債比例均符合標準，顯示公司負債管理良好。",原相公司在2025Q3的財務狀況顯示出多方面的優勢，包括償債能力強、盈利能力強及負債管理良好。但需注意存貨管理及資產使用效率，以進一步降低財務風險。,原相公司在2025Q3的財務狀況顯示出多方面的優勢，包括償債能力強、盈利能力強及負債管理良好。但存貨佔營收比率和存貨週轉率均需改善，此外，總資產週轉率和資產報酬率低於標準，顯示資產使用效率需提高。建議公司加強存貨管理，提高資產使用效率，以進一步降低財務風險。
2025Q3,6270,倍微,2,,,,,,,55,黃燈,"償債能力：利息保障倍數、流動比、速動比均優於標準，顯示公司短期及長期償債能力強。
資產使用效率：固定資產週轉率優於標準，但總資產週轉率劣於標準，需提高資產使用效率。
盈利能力：每股稅後盈餘年成長率高，但每股稅後盈餘及稅後淨利率低於標準，盈利能力需改善。
負債管理：負債對淨值比率及負債總額均優於標準，負債管理良好。",倍微公司在2025Q3的財務狀況顯示出多方面的優勢，包括償債能力強、負債管理良好。但需注意盈利能力及資產使用效率，以降低財務風險。,倍微公司在2025Q3的財務狀況顯示出盈利能力低、資產使用效率差及存貨管理需改善。建議公司提高盈利能力，改善資產使用效率，並加強存貨管理，以降低財務風險。
2025Q3,1717,長興,2,,,,,,,55,黃燈,"償債能力：利息保障倍數、流動比、速動比均優於標準，顯示公司短期及長期償債能力強。
盈利能力：每股稅後盈餘年成長率優於標準，但每股稅後盈餘、稅後淨利率等指標需提升。
資產管理：固定資產週轉率、存貨週轉率接近標準，但應收帳款管理需加強，總資產週轉率低於標準。
負債管理：負債對淨值比率、負債總額高於標準，需注意負債比例控制。",長興公司在2025Q3的財務狀況顯示出多方面的問題，包括盈利能力、資產管理及負債管理方面需加強。償債能力較強，但需注意提升盈利能力及控制負債比例。,長興公司在2025Q3的財務狀況顯示出多方面的問題，包括盈利能力低、資產管理效率差及負債比例過高。建議公司加強應收帳款及存貨管理，提高盈利能力，並控制負債比例，以降低財務風險。
2025Q3,6967,汎瑋,2,,,,,,,70,綠燈,"償債能力：利息保障倍數、流動比、速動比均高於標準，顯示公司短期及長期償債能力強。
資產使用效率：固定資產週轉率和總資產週轉率均高於標準，顯示公司資產使用效率高。
盈利能力：每股稅後盈餘和稅後淨利率均高於標準，顯示公司盈利能力良好。
負債管理：負債對淨值比率和負債總額均符合標準，顯示公司負債管理良好。",汎瑋公司在2025Q3的財務狀況顯示出多方面的優勢，包括償債能力強、資產使用效率高及盈利能力強。但需注意應收帳款和存貨管理，以降低財務風險。,汎瑋公司在2025Q3的財務狀況顯示出多方面的優勢，包括償債能力強、資產使用效率高及盈利能力強。但需注意應收帳款和存貨管理，這些指標均高於一般標準，顯示出管理上的問題。建議公司加強應收帳款和存貨管理，提高資產回報率，以降低財務風險。
2025Q3,3406,玉晶光,2,,,,,,,75,綠燈,"償債能力：利息保障倍數、流動比、速動比均遠高於標準，顯示公司短期及長期償債能力非常強。
盈利能力：每股稅後盈餘、營業利益率、營業毛利率及稅後淨利率均高於標準，顯示公司盈利能力強。
資產管理：存貨週轉率及應付帳款比例良好，但固定資產週轉率及總資產週轉率偏低，需加強資產使用效率。
股東權益：股東權益總額比例高，負債對淨值比率及負債總額比例合理，顯示公司財務結構穩健。",玉晶光公司在2025Q3的財務狀況顯示出多方面的優勢，包括償債能力強、盈利能力強及財務結構穩健。但需注意資產管理效率，以進一步提升公司整體財務表現。,玉晶光公司在2025Q3的財務狀況顯示出多方面的優勢，包括償債能力強、盈利能力高及財務結構穩健。最重要的風險在於資產管理效率偏低，特別是固定資產週轉率及總資產週轉率。建議公司加強資產管理，提高資產使用效率，以進一步提升財務表現並降低風險。
2025Q3,8059,凱碩,2,,,,,,,25,紅燈,"償債能力：利息保障倍數、流動比、速動比均低於標準，顯示公司短期及長期償債能力均有問題。
盈利能力：營業利益率、營業毛利率、稅後淨利率均低於標準，顯示公司盈利能力較弱。
資產管理：存貨週轉率、應收帳款週轉率均低於標準，顯示公司資產管理效率較低。
負債管理：負債對淨值比率、負債總額均高於標準，顯示公司負債比例過高，財務風險較大。",凱碩公司在2025Q3的財務狀況顯示出多方面的問題，包括償債能力弱、盈利能力低、資產管理效率差及負債比例過高。建議公司加強資產管理，提高盈利能力，並控制負債比例，以降低財務風險。,凱碩公司在2025Q3的財務狀況顯示出多方面的問題，包括償債能力弱、盈利能力低、資產管理效率差及負債比例過高。建議公司加強資產管理，提高盈利能力，並控制負債比例，以降低財務風險。
2025Q3,5274,信驊,2,,,,,,,85,綠燈,"償債能力：利息保障倍數、流動比、速動比均遠高於標準，顯示公司短期及長期償債能力均非常強。
盈利能力：每股稅後盈餘、營業利益率、稅後淨利率均顯示公司盈利能力強。
資產管理效率：固定資產週轉率、存貨週轉率、總資產週轉率顯示公司資產管理效率高。
現金流量：現金比、現金流量比均顯示公司現金流量狀況良好。",信驊公司在2025Q3的財務狀況顯示出多方面的優勢，包括償債能力強、資產使用效率高及盈利能力強。但需注意應收帳款管理及業外損益，以降低財務風險。,信驊公司在2025Q3的財務狀況顯示出多方面的優勢，包括償債能力強、盈利能力高及資產管理效率良好。然而，應收帳款佔營收比率較高及業外損益佔營收比率較高，這兩方面需要特別注意。建議公司加強應收帳款管理，降低業外損益對營收的影響，以進一步提升財務穩定性。
2025Q3,6658,聯策,2,,,,,,,35,紅燈,"償債能力：利息保障倍數、現金流量比、負債對淨值比率均低於標準，顯示公司短期及長期償債能力均有問題。
盈利能力：稅後淨利率、營業利益率、每股稅後盈餘均低於標準，顯示公司盈利能力較弱。
資產使用效率：固定資產週轉率、總資產週轉率均低於標準，顯示公司資產使用效率不佳。
資本結構：負債總額及負債對淨值比率高於標準，顯示公司負債比例過高，需注意財務風險。",聯策公司在2025Q3的財務狀況顯示出多方面的問題，包括償債能力弱、盈利能力低、資產管理效率差及負債比例過高。建議公司加強資產管理，提高盈利能力，並控制負債比例，以降低財務風險。,聯策公司在2025Q3的財務狀況顯示出多方面的問題，包括償債能力弱、盈利能力低、資產管理效率差及負債比例過高。建議公司加強資產管理，提高盈利能力，並控制負債比例，以降低財務風險。
2025Q3,3213,茂訊,2,,,,,,,75,綠燈,"償債能力：利息保障倍數、流動比、速動比均遠高於標準，顯示公司短期及長期償債能力極強。
資產使用效率：固定資產週轉率高於標準，但總資產週轉率低於標準，資產使用效率需改善。
盈利能力：每股稅後盈餘、營業利益率、營業毛利率及稅後淨利率均高於標準，顯示公司盈利能力強。
負債管理：負債對淨值比率及負債總額均符合標準，顯示公司負債管理合理。",茂訊公司在2025Q3的財務狀況顯示出多方面的優勢，包括償債能力強、資產使用效率高及盈利能力強。但需注意存貨管理及資產使用效率，以降低財務風險。,茂訊公司在2025Q3的財務狀況顯示出多方面的優勢，包括償債能力強、盈利能力高及負債管理合理。但需注意存貨管理及資產使用效率，建議公司加強存貨管理，提高資產使用效率，以降低財務風險。
2025Q3,2458,義隆,2,,,,,,,75,綠燈,"償債能力：利息保障倍數、流動比、速動比均高於標準，顯示公司短期及長期償債能力強。
盈利能力：每股稅後盈餘、稅後淨利率、營業利益率等指標均高於標準，顯示盈利能力強。
資產管理效率：固定資產週轉率、存貨週轉率符合標準，但總資產週轉率低於標準，需改善資產使用效率。
負債管理：負債比例及負債對淨值比率均符合標準，顯示公司負債管理良好。",義隆公司在2025Q3的財務狀況顯示出多方面的優勢，包括償債能力強、盈利能力高及負債管理良好。但需注意應收帳款管理及資產使用效率，以降低財務風險。,義隆公司在2025Q3的財務狀況顯示出多方面的優勢，包括償債能力強、盈利能力高及負債管理良好。最重要的風險在於應收帳款管理及資產使用效率低，建議公司加強應收帳款管理，提高資產使用效率，以降低財務風險。
2025Q3,3058,LEADER,2,,,,,,,20,紅燈,"償債能力：利息保障倍數、流動比、速動比均低於標準，顯示公司短期及長期償債能力均有問題。
資產管理：固定資產週轉率、總資產週轉率均低於標準，顯示資產使用效率差。
盈利能力：每股稅後盈餘、稅後淨利率、營業利益率均低於標準，顯示盈利能力差。
負債管理：負債對淨值比率、負債總額均高於標準，顯示負債比例過高。",LEADER公司在2025Q3的財務狀況顯示出多方面的問題，包括償債能力弱、資產管理效率差、盈利能力低及負債比例過高。建議公司加強資產管理，提高盈利能力，並控制負債比例，以降低財務風險。,LEADER公司在2025Q3的財務狀況顯示出多方面的問題，包括償債能力弱、盈利能力低、資產管理效率差及負債比例過高。建議公司加強資產管理，提高盈利能力，並控制負債比例，以降低財務風險。
2025Q3,6579,研揚,2,,,,,,,75,綠燈,"償債能力：利息保障倍數、流動比、速動比均高於標準，顯示公司短期及長期償債能力強。
盈利能力：每股稅後盈餘及其年成長率高於標準，顯示公司盈利能力強。
資產管理：存貨佔營收比率及應收帳款佔營收比率高於標準，需加強存貨及應收帳款管理。
現金流量：現金流量比低於標準，顯示公司現金流量不足，需關注現金流管理。",研揚公司在2025Q3的財務狀況顯示出多方面的優勢，包括償債能力強、盈利能力強及股東權益比例高。但需注意現金流量管理及資產使用效率，以降低財務風險。,研揚公司在2025Q3的財務狀況顯示出多方面的問題，包括現金流量不足、資產管理效率低及存貨管理需改善。建議公司加強現金流管理，提高資產使用效率，並控制存貨水平，以降低財務風險。
2025Q3,6415,矽力-KY,2,,,,,,,65,綠燈,"償債能力：利息保障倍數、流動比、速動比均遠高於標準，顯示公司短期及長期償債能力均非常強。
盈利能力：營業利益率、營業毛利率、稅後淨利率均高於標準，但每股稅後盈餘和其成長率低於標準，需注意盈利能力的提升。
資產使用效率：固定資產週轉率和應收帳款週轉率高於標準，但總資產週轉率低於標準，需提升資產使用效率。
負債管理：負債對淨值比率和負債總額均符合標準，顯示公司負債管理良好。",矽力-KY公司在2025Q3的財務狀況顯示出多方面的優勢，包括償債能力強、資產使用效率高及盈利能力良好。但需注意存貨管理、應收帳款管理及資產使用效率的提升，以進一步降低財務風險。,矽力-KY公司在2025Q3的財務狀況顯示出多方面的優勢，包括償債能力強、資產使用效率高及盈利能力良好。但需注意存貨管理、應收帳款管理及資產使用效率的提升，以進一步降低財務風險。建議公司加強存貨管理，提高存貨週轉率，並改善應收帳款管理，以提升資產使用效率和盈利能力。
2025Q3,8163,達方,2,,,,,,,25,紅燈,"償債能力：利息保障倍數、流動比、速動比均低於標準，顯示公司短期及長期償債能力均有問題。
盈利能力：每股稅後盈餘、營業利益率、稅後淨利率均為負值，顯示公司盈利能力低。
資產管理：存貨佔營收比率、應收帳款佔營收比率高於標準，顯示公司資產管理效率差。
負債管理：負債對淨值比率、負債總額比例高於標準，顯示公司負債比例過高。",達方公司在2025Q3的財務狀況顯示出多方面的問題，包括償債能力弱、盈利能力低、資產管理效率差及負債比例過高。建議公司加強資產管理，提高盈利能力，並控制負債比例，以降低財務風險。,達方公司在2025Q3的財務狀況顯示出多方面的問題，包括償債能力弱、盈利能力低、資產管理效率差及負債比例過高。建議公司加強資產管理，提高盈利能力，並控制負債比例，以降低財務風險。
2025Q3,6761,穩得,2,,,,,,,65,綠燈,"償債能力：利息保障倍數、流動比、速動比均遠高於標準，顯示公司短期及長期償債能力強。
盈利能力：稅後淨利率、每股稅後盈餘、營業利益率及營業毛利率均高於標準，顯示盈利能力良好。
資產管理效率：固定資產週轉率、存貨週轉率及總資產週轉率均低於標準，顯示資產使用效率需改善。
負債管理：負債對淨值比率、負債總額及長期負債比例均符合標準，顯示負債管理良好。",穩得公司在2025Q3的財務狀況顯示出多方面的優勢，包括償債能力強、盈利能力良好及負債管理良好。但需注意資產使用效率，以降低財務風險。,穩得公司在2025Q3的財務狀況顯示出多方面的問題，包括資產使用效率低、存貨及應收帳款管理需改善。建議公司加強資產管理，提高資產使用效率，並改善存貨及應收帳款管理，以降低財務風險。
2025Q3,2375,凱美,2,,,,,,,65,綠燈,"償債能力：利息保障倍數、流動比、速動比均優於標準，顯示公司短期及長期償債能力均較強。
資產使用效率：固定資產週轉率、總資產週轉率均低於標準，顯示公司資產使用效率較低。
盈利能力：每股稅後盈餘、營業利益率均低於標準，但每股稅後盈餘年成長率優於標準，顯示公司盈利能力有待提升，但成長潛力較大。
負債管理：負債對淨值比率、負債總額均符合標準，顯示公司負債管理良好。",凱美公司在2025Q3的財務狀況顯示出多方面的優勢，包括償債能力強、現金流量充足及負債管理良好。但需注意資產使用效率及盈利能力的提升，以進一步降低財務風險。,凱美公司在2025Q3的財務狀況顯示出多方面的問題，包括資產使用效率低、盈利能力較弱及存貨過多。建議公司加強資產管理，提高資產使用效率，並控制存貨水平，以降低財務風險。
2025Q3,3669,圓展,2,,,,,,,55,黃燈,"償債能力：流動比、現金比、速動比均優於標準，顯示公司短期償債能力強。
盈利能力：營業毛利率優於標準，但每股稅後盈餘和稅後淨利率偏低，盈利能力需改善。
資產使用效率：固定資產週轉率和總資產週轉率低於標準，顯示資產使用效率低。
現金流量：現金流量比低於標準，需加強現金流管理。",圓展公司在2025Q3的財務狀況顯示出短期償債能力強，但盈利能力和資產使用效率需改善。現金流管理也需加強。,圓展公司在2025Q3的財務狀況顯示出短期償債能力強，但盈利能力和資產使用效率低，現金流管理需加強。建議公司提高盈利能力，改善資產使用效率，並加強現金流管理，以降低財務風險。
2025Q3,6263,普萊德,2,,,,,,,85,綠燈,"償債能力：利息保障倍數、流動比、速動比均遠高於標準，顯示公司短期及長期償債能力非常強。
資產使用效率：固定資產週轉率高於標準，但總資產週轉率低於標準，需改善資產使用效率。
盈利能力：每股稅後盈餘高於標準，但年成長率下降，需注意盈利能力的持續性。
負債管理：負債對淨值比率及負債總額均符合標準，顯示公司負債管理良好。",普萊德公司在2025Q3的財務狀況顯示出多方面的優勢，包括償債能力強、資產使用效率高及盈利能力強。但需注意存貨管理及資產使用效率，以降低財務風險。,普萊德公司在2025Q3的財務狀況顯示出多方面的問題，包括存貨管理需改善、資產使用效率需提高及盈利能力下降。建議公司加強存貨管理，提高資產使用效率，並持續提升盈利能力，以降低財務風險。
2025Q3,3324,雙鴻,2,,,,,,,65,綠燈,"償債能力：利息保障倍數、流動比、速動比均優於標準，顯示公司短期及長期償債能力均良好。
盈利能力：每股稅後盈餘及稅後淨利率均優於標準，顯示公司盈利能力強。
資產管理：總資產週轉率及固定資產週轉率顯示公司資產使用效率高，但存貨週轉率及應收帳款週轉率需改善。
負債管理：負債對淨值比率及負債總額略高於標準，需注意負債管理。",雙鴻公司在2025Q3的財務狀況顯示出多方面的優勢，包括償債能力強、盈利能力高及資產使用效率良好。但需注意存貨及應收帳款管理，以降低財務風險。,雙鴻公司在2025Q3的財務狀況顯示出多方面的問題，包括存貨管理不善、應收帳款比例過高及負債比例略高。建議公司加強存貨及應收帳款管理，提高資產周轉效率，並控制負債比例，以降低財務風險。
2025Q3,5469,瀚宇博德,2,,,,,,,45,黃燈,"償債能力：利息保障倍數優於標準，但流動比和速動比略低於標準，顯示短期償債能力偏弱。
資產管理效率：固定資產週轉率、存貨週轉率、應收帳款週轉率和總資產週轉率均低於標準，顯示資產使用效率偏低。
盈利能力：每股稅後盈餘和每股稅後盈餘年成長率優於標準，顯示盈利能力強，但股東權益報酬率和資產報酬率偏低。
負債管理：負債對淨值比率和負債總額略高於標準，顯示負債比例偏高，需注意負債管理。",瀚宇博德公司在2025Q3的財務狀況顯示出盈利能力強，但資產管理效率偏低，短期償債能力需改善，負債比例偏高，需注意負債管理。,瀚宇博德公司在2025Q3的財務狀況顯示出多方面的問題，包括資產管理效率低、短期償債能力偏弱、負債比例偏高。建議公司加強資產管理，提高資產使用效率，改善短期償債能力，並控制負債比例，以降低財務風險。
2025Q3,3221,台嘉碩,2,,,,,,,45,黃燈,"償債能力：利息保障倍數、現金流量比等指標低於標準，顯示公司償債能力不足。
盈利能力：每股稅後盈餘、稅後淨利率等指標低於標準，盈利能力弱。
資產管理：存貨佔營收比率、應收帳款佔營收比率等指標高於標準，資產管理需改善。
流動性：流動比、現金比等指標高於標準，顯示公司短期償債能力強。",台嘉碩公司在2025Q3的財務狀況顯示出償債能力和盈利能力方面的不足，特別是利息保障倍數和稅後淨利率低於標準，需加強改善。同時，公司在流動性方面表現良好，短期償債能力強。,台嘉碩公司在2025Q3的財務狀況顯示出多方面的問題，包括償債能力弱、盈利能力低、資產管理效率差。建議公司加強資產管理，提高盈利能力，並控制負債比例，以降低財務風險。
2025Q3,2376,技嘉,2,,,,,,,65,綠燈,"償債能力：利息保障倍數、流動比、現金比均優於標準，顯示公司短期及長期償債能力強。
資產使用效率：固定資產週轉率、總資產週轉率均優於標準，顯示資產使用效率高。
盈利能力：每股稅後盈餘及其年成長率均優於標準，但稅後淨利率稍低。
負債管理：負債對淨值比率及流動負債比例略高，需注意負債管理。",技嘉公司在2025Q3的財務狀況顯示出多方面的優勢，包括償債能力強、資產使用效率高及盈利能力強。但需注意負債管理，以降低財務風險。,技嘉公司在2025Q3的財務狀況顯示出多方面的問題，包括存貨管理效率低、應付帳款比例高、現金流量狀況不佳及負債比例稍高。建議公司加強存貨管理，提高現金流量，並控制負債比例，以降低財務風險。
2025Q3,2365,昆盈,2,,,,,,,70,綠燈,"償債能力：利息保障倍數、流動比、速動比均優於標準，顯示公司短期及長期償債能力強。
盈利能力：稅後淨利率、營業毛利率、營業利益率均優於標準，但每股稅後盈餘和每股稅後盈餘年成長率低於標準，需注意盈利能力的持續性。
資產管理：固定資產週轉率、存貨週轉率、應收帳款週轉率均低於標準，資產使用效率需改善。
負債管理：負債對淨值比率、負債總額比例均優於標準，顯示公司負債比例低，財務結構穩健。",昆盈公司在2025Q3的財務狀況顯示出多方面的優勢，包括償債能力強、盈利能力高及負債比例低。但需注意資產使用效率及持續盈利能力，以降低財務風險。,昆盈公司在2025Q3的財務狀況顯示出多方面的優勢，包括償債能力強、盈利能力高及負債比例低。然而，固定資產週轉率、存貨週轉率及應收帳款週轉率均低於標準，顯示資產使用效率有待改善。此外，每股稅後盈餘和每股稅後盈餘年成長率低於標準，需注意盈利能力的持續性。建議公司加強資產管理，提高資產使用效率，並持續提升盈利能力，以降低財務風險。
2025Q3,6546,正基,2,,,,,,,65,綠燈,"償債能力：利息保障倍數、流動比、速動比均高於標準，顯示公司短期及長期償債能力強。
盈利能力：每股稅後盈餘、稅後淨利率、營業毛利率均高於標準，顯示公司盈利能力強。
資產使用效率：固定資產週轉率、存貨週轉率、總資產週轉率均低於標準，顯示資產使用效率有待提升。
負債管理：負債對淨值比率、負債總額、長期負債均符合標準，顯示公司負債管理合理。",正基公司在2025Q3的財務狀況顯示出多方面的優勢，包括償債能力強、盈利能力強及負債管理合理。但需注意資產使用效率，以提高整體財務表現。,正基公司在2025Q3的財務狀況顯示出多方面的問題，包括資產使用效率低、存貨管理有待改善及現金流量不足。建議公司加強資產管理，提高存貨周轉率，並改善現金流量，以降低財務風險。
2025Q3,3545,敦泰,2,,,,,,,60,黃燈,"償債能力：利息保障倍數、流動比、速動比均高於標準，顯示公司短期及長期償債能力強。
資產使用效率：固定資產週轉率高於標準，但總資產週轉率低於標準，需改善資產使用效率。
盈利能力：每股稅後盈餘、稅後淨利率、營業利益率均低於標準，顯示盈利能力弱。
負債管理：負債對淨值比率、負債總額、長期負債均符合標準，顯示負債管理良好。",敦泰公司在2025Q3的財務狀況顯示出多方面的優勢，包括償債能力強、資產使用效率高及負債管理良好。但需注意盈利能力的提升，以改善整體財務狀況。,敦泰公司在2025Q3的財務狀況顯示出盈利能力低、存貨管理需改善及資產使用效率不高。建議公司加強盈利能力，提高營業利益率及稅後淨利率，並改善存貨管理，以降低財務風險。
2025Q3,8240,華宏,2,,,,,,,55,黃燈,"償債能力：利息保障倍數、流動比、速動比均優於標準，顯示公司短期及長期償債能力強。
盈利能力：每股稅後盈餘、稅後淨利率及資產報酬率均低於標準，顯示公司盈利能力弱。
資產管理：固定資產週轉率、存貨週轉率及總資產週轉率均符合或優於標準，顯示公司資產使用效率良好。
負債管理：負債對淨值比率、負債總額及長期負債比例均符合或優於標準，顯示公司負債管理良好。",華宏公司在2025Q3的財務狀況顯示出多方面的優勢，包括償債能力強、資產使用效率高及負債管理良好。但需注意盈利能力，特別是每股稅後盈餘及稅後淨利率，這些指標顯示出公司的盈利能力較弱，需加強管理。,華宏公司在2025Q3的財務狀況顯示出盈利能力較弱，特別是每股稅後盈餘及稅後淨利率均低於標準，這可能影響公司的長期發展。建議公司加強盈利能力管理，提升產品或服務的附加值，並控制成本，以提高整體盈利能力。
2025Q3,5490,同亨,2,,,,,,,65,綠燈,"償債能力：利息保障倍數、流動比、速動比均遠優於標準，顯示公司短期及長期償債能力強。
資產使用效率：固定資產週轉率高於標準，但總資產週轉率偏低，顯示部分資產使用效率有待提升。
盈利能力：營業毛利率和稅後淨利率符合標準，但每股稅後盈餘和股東權益報酬率偏低，盈利能力有待提升。
現金流量：現金比優於標準，但現金流量比低於標準，顯示現金流量管理需加強。",同亨公司在2025Q3的財務狀況顯示出多方面的優勢，包括償債能力強、資產使用效率高及盈利能力正常。但需注意現金流量管理和資產使用效率，以降低財務風險。,同亨公司在2025Q3的財務狀況顯示出多方面的問題，包括存貨過高、應收帳款過高、現金流量不足及資產回報率低。建議公司加強存貨管理、提高應收帳款周轉速度、改善現金流量管理及提升資產使用效率，以降低財務風險。
2025Q3,6189,豐藝電子,2,,,,,,,55,黃燈,"償債能力：利息保障倍數、流動比、現金比和速動比均優於標準，顯示公司短期及長期償債能力均較強。
資產使用效率：固定資產週轉率和總資產週轉率均優於標準，顯示公司資產使用效率高。
盈利能力：營業利益率、營業毛利率、稅後淨利率和資產報酬率均劣於標準，顯示公司盈利能力偏低。
負債管理：負債對淨值比率劣於標準，顯示公司負債比例偏高，需注意負債管理。",豐藝電子公司在2025Q3的財務狀況顯示出多方面的優勢，包括償債能力強、資產使用效率高。但需注意盈利能力和負債管理，以降低財務風險。,豐藝電子公司在2025Q3的財務狀況顯示出多方面的問題，包括盈利能力低、應收帳款管理需改善及負債比例偏高。建議公司加強盈利能力，提高應收帳款管理效率，並控制負債比例，以降低財務風險。
2025Q3,3605,宏致,2,,,,,,,65,綠燈,"償債能力：利息保障倍數、流動比、速動比均優於標準，顯示公司短期及長期償債能力強。
盈利能力：每股稅後盈餘及其年成長率均優於標準，稅後淨利率符合標準，顯示公司盈利能力良好。
資產管理：固定資產週轉率、存貨週轉率、總資產週轉率及資產報酬率均低於標準，需改善資產使用效率。
負債管理：流動負債、股東權益總額及負債對淨值比率均符合標準，顯示公司負債管理良好。",宏致公司在2025Q3的財務狀況顯示出多方面的優勢，包括償債能力強、盈利能力良好及負債管理良好。但需注意資產使用效率，以提高資產回報率。,宏致公司在2025Q3的財務狀況顯示出多方面的優勢，包括償債能力強、盈利能力良好及負債管理良好。然而，公司在資產使用效率方面存在問題，固定資產週轉率、存貨週轉率及總資產週轉率均低於標準，需加強資產管理，提高資產回報率。
2025Q3,3030,德律,2,,,,,,,75,綠燈,"償債能力：利息保障倍數、流動比、速動比均遠高於標準，顯示公司短期及長期償債能力非常強。
盈利能力：每股稅後盈餘及其年成長率、營業利益率、稅後淨利率均高於標準，顯示公司盈利能力強。
資產管理：固定資產週轉率、總資產週轉率均低於標準，顯示資產使用效率較低，需改善。
現金流量：現金流量比低於標準，顯示公司現金流量狀況不佳，需提高現金流量管理。",德律公司在2025Q3的財務狀況顯示出多方面的優勢，包括償債能力強、盈利能力強及股東權益比例良好。但需注意資產管理效率及現金流量狀況，以降低財務風險。,德律公司在2025Q3的財務狀況顯示出多方面的問題，包括資產管理效率低及現金流量狀況不佳。建議公司加強資產管理，提高資產使用效率，並改善現金流量管理，以降低財務風險。
2025Q3,3563,牧德,2,,,,,,,75,綠燈,"償債能力：利息保障倍數、流動比、速動比均遠高於標準，顯示公司短期及長期償債能力均極強。
盈利能力：每股稅後盈餘、營業利益率、稅後淨利率均高於標準，顯示公司盈利能力強。
資產使用效率：固定資產週轉率高於標準，但總資產週轉率低於標準，顯示資產使用效率需改善。
現金流動性：現金比遠高於標準，但現金流量比低於標準，顯示現金流動性需改善。",牧德公司在2025Q3的財務狀況顯示出多方面的優勢，包括償債能力強、盈利能力強及股東權益比例高。但需注意應收帳款管理、資產使用效率及現金流動性，以降低財務風險。,牧德公司在2025Q3的財務狀況顯示出多方面的問題，包括應收帳款管理需改善、資產使用效率低及現金流動性需改善。建議公司加強應收帳款管理，提高資產使用效率，並改善現金流動性，以降低財務風險。
2025Q3,2379,瑞昱,2,,,,,,,45,黃燈,"償債能力：利息保障倍數遠高於標準，顯示公司償債能力強。
資產使用效率：固定資產週轉率高，但總資產週轉率低，顯示資產使用效率不均衡。
盈利能力：每股稅後盈餘高於標準，但年成長率負增長，需關注未來盈利能力。
負債管理：負債對淨值比率和負債總額均高於標準，顯示負債比例過高。",瑞昱公司在2025Q3的財務狀況顯示出償債能力強和部分資產使用效率高，但需關注存貨水平、負債比例及盈利能力的變化，以降低財務風險。,瑞昱公司在2025Q3的財務狀況顯示出償債能力強和部分資產使用效率高，但存貨水平過高、負債比例過高及盈利能力的負增長是主要風險。建議公司加強存貨管理，控制負債比例，提高資產使用效率及盈利能力，以降低財務風險。
2025Q3,6109,亞元 ,2,,,,,,,45,黃燈,"償債能力：利息保障倍數、現金流量比、應收帳款週轉率均低於標準，顯示公司短期及長期償債能力均有問題。
盈利能力：稅後淨利率、每股稅後盈餘均低於標準，顯示公司盈利能力較弱。
資產管理：存貨佔營收比率、存貨週轉率、總資產週轉率均低於標準，顯示公司資產管理效率需改善。
股東回報：股東權益報酬率低於標準，顯示公司對股東的回報不足。",亞元公司在2025Q3的財務狀況顯示出多方面的問題，包括償債能力弱、盈利能力低、資產管理效率差及股東回報不足。建議公司加強資產管理，提高盈利能力，並控制負債比例，以降低財務風險。,亞元公司在2025Q3的財務狀況顯示出多方面的問題，包括償債能力弱、盈利能力低、資產管理效率差及股東回報不足。建議公司加強資產管理，提高盈利能力，並控制負債比例，以降低財務風險。
2025Q3,3169,亞信,2,,,,,,,80,綠燈,"償債能力：利息保障倍數、流動比、速動比均遠高於標準，顯示公司短期及長期償債能力非常強。
盈利能力：營業利益率、營業毛利率、稅後淨利率均高於標準，顯示公司盈利能力強。
資產管理效率：固定資產週轉率、存貨週轉率高於標準，但總資產週轉率低於標準，需提升資產使用效率。
負債管理：負債對淨值比率、負債總額均遠低於標準，顯示公司負債管理良好。",亞信公司在2025Q3的財務狀況顯示出多方面的優勢，包括償債能力強、盈利能力強及負債管理良好。但需注意資產使用效率及現金流量管理，以降低財務風險。,亞信公司在2025Q3的財務狀況顯示出多方面的優勢，包括償債能力強、盈利能力強及負債管理良好。但需注意資產使用效率及現金流量管理，以降低財務風險。建議公司加強資產管理，提高現金流量，並提升資產回報率，以進一步改善財務狀況。
2025Q3,3533,嘉澤,2,,,,,,,85,綠燈,"償債能力：利息保障倍數、流動比、速動比均遠優於標準，顯示公司短期及長期償債能力強。
盈利能力：每股稅後盈餘、營業利益率、稅後淨利率均優於標準，顯示公司盈利能力強。
資產管理：固定資產週轉率優於標準，但總資產週轉率及存貨週轉率低於標準，需改善資產使用效率。
負債管理：負債對淨值比率及負債總額均符合標準，長期負債比例極低，顯示公司負債管理良好。",嘉澤公司在2025Q3的財務狀況顯示出多方面的優勢，包括償債能力強、盈利能力強及負債管理良好。但需注意資產使用效率及存貨管理，以進一步降低財務風險。,嘉澤公司在2025Q3的財務狀況顯示出多方面的優勢，包括償債能力強、盈利能力強及負債管理良好。但需注意資產使用效率及存貨管理，建議公司加強資產管理，提高存貨週轉率及總資產週轉率，以降低財務風險。
2025Q3,3357,西北臺慶科,2,,,,,,,75,綠燈,"償債能力：利息保障倍數、流動比、速動比均高於標準，顯示公司短期及長期償債能力強。
盈利能力：每股稅後盈餘、稅後淨利率、營業利益率、營業毛利率均高於標準，顯示公司盈利能力強。
資產管理效率：固定資產週轉率、總資產週轉率、資產報酬率均低於標準，顯示公司資產管理效率需改善。
負債管理：負債對淨值比率、負債總額、長期負債比例均符合標準，顯示公司負債管理合理。",西北臺慶科公司在2025Q3的財務狀況顯示出多方面的優勢，包括償債能力強、盈利能力強及負債管理合理。但需注意資產管理效率，以提高資產回報率。,西北臺慶科公司在2025Q3的財務狀況顯示出多方面的問題，包括資產管理效率低、應收帳款管理效率低及存貨管理效率低。建議公司加強資產管理，提高應收帳款周轉速度，並改善存貨管理，以降低財務風險。
2025Q3,3260,威剛,2,,,,,,,65,綠燈,"償債能力：利息保障倍數、流動比、現金比均優於標準，顯示公司短期及長期償債能力強。
資產使用效率：固定資產週轉率、總資產週轉率均符合或優於標準，顯示資產使用效率高。
盈利能力：每股稅後盈餘、營業利益率、稅後淨利率均優於標準，顯示盈利能力強。
負債管理：負債對淨值比率、負債總額偏高，需注意負債管理以降低財務風險。",威剛公司在2025Q3的財務狀況顯示出多方面的優勢，包括償債能力強、資產使用效率高及盈利能力強。但需注意負債管理，以降低財務風險。,威剛公司在2025Q3的財務狀況顯示出多方面的問題，包括存貨管理需改善、負債比例過高及資產回報率偏低。建議公司加強存貨管理，提高資產回報率，並控制負債比例，以降低財務風險。
2025Q3,6284,佳邦科技,2,,,,,,,55,黃燈,"償債能力：利息保障倍數優於標準，但流動比和現金比低於標準，短期償債能力有待改善。
資產使用效率：固定資產週轉率和總資產週轉率均低於標準，顯示資產使用效率有待提高。
盈利能力：每股稅後盈餘和每股稅後盈餘年成長率優於標準，但稅後淨利率低於標準，盈利能力需進一步提升。
負債管理：負債對淨值比率和負債總額符合標準，顯示公司負債管理合理。",佳邦科技公司在2025Q3的財務狀況顯示出多方面的優勢，包括盈利能力強和負債管理合理。但需注意資產使用效率和短期償債能力，以降低財務風險。,佳邦科技公司在2025Q3的財務狀況顯示出一些問題，包括資產使用效率低、短期償債能力弱及現金流量不足。建議公司加強資產管理，提高資產使用效率，並增加現金儲備，以降低財務風險。
2025Q3,8499,薩摩,2,,,,,,,75,綠燈,"償債能力：利息保障倍數、流動比、速動比均優於標準，顯示公司短期及長期償債能力強。
盈利能力：每股稅後盈餘、稅後淨利率、營業利益率均優於標準，顯示公司盈利能力強。
資產管理效率：固定資產週轉率、總資產週轉率低於標準，顯示資產使用效率需改善。
負債管理：負債對淨值比率、負債總額、長期負債比例均符合標準，顯示公司負債管理良好。",薩摩公司在2025Q3的財務狀況顯示出多方面的優勢，包括償債能力強、盈利能力強及負債管理良好。但需注意資產使用效率，以提高資產回報率。,薩摩公司在2025Q3的財務狀況顯示出多方面的優勢，包括償債能力強、盈利能力強及負債管理良好。然而，公司在資產使用效率方面存在問題，固定資產週轉率和總資產週轉率均低於標準。建議公司加強資產管理，提高資產使用效率，以提升資產回報率。
2025Q3,6203,Seasonic,2,,,,,,,75,綠燈,"償債能力：利息保障倍數、流動比、速動比、現金比均遠高於標準，顯示公司短期及長期償債能力非常強。
盈利能力：每股稅後盈餘及其年成長率、營業利益率、營業毛利率、稅後淨利率均高於標準，顯示公司盈利能力非常強。
資產管理：固定資產週轉率高於標準，但總資產週轉率低於標準，顯示公司資產使用效率存在問題。
負債管理：負債對淨值比率、負債總額及長期負債均符合標準，顯示公司負債管理合理。",Seasonic公司在2025Q3的財務狀況顯示出多方面的優勢，包括償債能力強、盈利能力強及負債管理合理。但需注意資產管理效率及存貨管理，以降低財務風險。,Seasonic公司在2025Q3的財務狀況顯示出多方面的優勢，包括償債能力強、盈利能力強及負債管理合理。但需注意存貨管理及資產使用效率，存貨佔營收比率過高及總資產週轉率低，可能會影響公司的資金流動性及資產使用效率。建議公司加強存貨管理，提高資產使用效率，以降低財務風險。
2025Q3,3033,威健,2,,,,,,,25,紅燈,"償債能力：利息保障倍數、流動比、速動比均低於標準，顯示公司短期及長期償債能力均有問題。
盈利能力：稅後淨利率、每股稅後盈餘及其年成長率均低於標準，顯示公司盈利能力較弱。
資產管理：存貨佔營收比率及應收帳款佔營收比率均高於標準，顯示公司資產管理需加強。
負債管理：負債對淨值比率及負債總額均高於標準，顯示公司負債比例過高，需注意財務風險。",威健公司在2025Q3的財務狀況顯示出多方面的問題，包括償債能力弱、盈利能力低、資產管理效率差及負債比例過高。建議公司加強資產管理，提高盈利能力，並控制負債比例，以降低財務風險。,威健公司在2025Q3的財務狀況顯示出多方面的問題，包括償債能力弱、盈利能力低、資產管理效率差及負債比例過高。建議公司加強資產管理，提高盈利能力，並控制負債比例，以降低財務風險。
2025Q3,2481,強茂,2,,,,,,,60,黃燈,"償債能力：利息保障倍數、流動比、速動比均優於標準，顯示公司短期及長期償債能力良好。
資產使用效率：固定資產週轉率和總資產週轉率均低於標準，顯示公司資產使用效率需改善。
盈利能力：稅後淨利率和每股稅後盈餘年成長率優於標準，但每股稅後盈餘低於標準，需提升盈利能力。
負債管理：負債對淨值比率、負債總額和長期負債均符合或優於標準，顯示公司負債管理良好。",強茂公司在2025Q3的財務狀況顯示出多方面的優勢，包括償債能力強、負債管理良好及盈利能力成長良好。但需注意資產使用效率及提升每股稅後盈餘，以改善整體財務狀況。,強茂公司在2025Q3的財務狀況顯示出一些問題，包括資產使用效率低、存貨及應收帳款管理需加強。建議公司提升資產使用效率，加強存貨及應收帳款管理，以降低財務風險。
2025Q3,4967,TeamGroup,2,,,,,,,65,綠燈,"償債能力：利息保障倍數、流動比、現金比均優於標準，顯示公司短期及長期償債能力強。
資產使用效率：固定資產週轉率、總資產週轉率均符合標準，顯示資產使用效率合理。
盈利能力：每股稅後盈餘及其年成長率均優於標準，顯示盈利能力強。
負債管理：負債對淨值比率偏高，需注意負債管理以降低財務風險。",TeamGroup公司在2025Q3的財務狀況顯示出多方面的優勢，包括償債能力強、資產使用效率高及盈利能力強。但需注意負債管理，以降低財務風險。,TeamGroup公司在2025Q3的財務狀況顯示出多方面的問題，包括存貨管理效率低、應收帳款管理效率低及負債比例偏高。建議公司加強存貨及應收帳款管理，提高資產回報率，並控制負債比例，以降低財務風險。
2025Q3,2371,大同,2,,,,,,,45,黃燈,"償債能力：利息保障倍數低於標準，但流動比、現金比和速動比優於標準，顯示公司短期償債能力較強。
資產使用效率：固定資產週轉率和總資產週轉率均低於標準，顯示公司資產使用效率不佳。
盈利能力：營業利益率、營業毛利率和稅後淨利率均低於標準，顯示公司盈利能力較弱。
負債管理：負債對淨值比率和負債總額均高於標準，顯示公司負債壓力較大。",大同公司在2025Q3的財務狀況顯示出短期償債能力較強，但資產使用效率和盈利能力較弱，負債壓力較大，需加強資產管理和盈利能力。,大同公司在2025Q3的財務狀況顯示出短期償債能力較強，但資產使用效率和盈利能力較弱，負債壓力較大。建議公司加強資產管理，提高盈利能力，並控制負債比例，以降低財務風險。
2025Q3,5371,中光電,2,,,,,,,25,紅燈,"償債能力：利息保障倍數、流動比、速動比均低於標準，顯示公司短期及長期償債能力均有問題。
盈利能力：每股稅後盈餘、稅後淨利率、營業利益率等指標均低於標準，顯示公司盈利能力較弱。
資產使用效率：固定資產週轉率、總資產週轉率等指標均低於標準，顯示資產使用效率不高。
負債管理：負債對淨值比率、負債總額等指標均高於標準，顯示公司負債壓力較大。",中光電公司在2025Q3的財務狀況顯示出多方面的問題，包括償債能力弱、盈利能力低、資產管理效率差及負債比例過高。建議公司加強資產管理，提高盈利能力，並控制負債比例，以降低財務風險。,中光電公司在2025Q3的財務狀況顯示出多方面的問題，包括償債能力弱、盈利能力低、資產管理效率差及負債比例過高。建議公司加強資產管理，提高盈利能力，並控制負債比例，以降低財務風險。
2025Q3,3005,神基,2,,,,,,,75,綠燈,"償債能力：利息保障倍數、流動比、速動比均高於標準，顯示公司短期及長期償債能力強。
盈利能力：每股稅後盈餘、稅後淨利率、營業利益率及營業毛利率均高於標準，顯示公司盈利能力強。
資產管理：固定資產週轉率高於標準，但總資產週轉率及資產報酬率低於標準，顯示資產使用效率有待改善。
現金流量：現金比高於標準，但現金流量比低於標準，顯示現金流量狀況需改善。",神基公司在2025Q3的財務狀況顯示出多方面的優勢，包括償債能力強、盈利能力強及股東權益比例良好。但需注意存貨管理、應收帳款管理及現金流量狀況，以降低財務風險。,神基公司在2025Q3的財務狀況顯示出多方面的優勢，包括償債能力強、盈利能力強及股東權益比例良好。然而，公司在存貨管理、應收帳款管理及現金流量狀況方面存在風險。建議公司加強存貨管理，提高應收帳款變現速度，並改善現金流量狀況，以降低財務風險。
2025Q3,6435,大中,2,,,,,,,85,綠燈,"償債能力：利息保障倍數、流動比、速動比等均遠高於標準，顯示公司短期及長期償債能力非常強。
資產使用效率：固定資產週轉率和總資產週轉率均高於標準，顯示公司資產使用效率高。
盈利能力：每股稅後盈餘、稅後淨利率等均高於標準，顯示公司盈利能力強。
負債管理：負債對淨值比率、負債總額等均符合標準，顯示公司負債管理良好。",大中公司在2025Q3的財務狀況顯示出多方面的優勢，包括償債能力強、資產使用效率高及盈利能力強。但需注意存貨及應收帳款管理，以降低財務風險。,大中公司在2025Q3的財務狀況顯示出多方面的優勢，包括償債能力強、資產使用效率高及盈利能力強。然而，存貨佔營收比率和應收帳款佔營收比率均高於標準，顯示出在存貨及應收帳款管理方面存在一定的風險。建議公司加強存貨及應收帳款管理，提高周轉速度，以降低財務風險。
2025Q3,3017,奇鋐,2,,,,,,,65,綠燈,"償債能力：利息保障倍數、現金比等指標均高於標準，顯示公司償債能力強。
盈利能力：每股稅後盈餘、營業利益率等指標均高於標準，顯示公司盈利能力強。
資產管理：固定資產週轉率、總資產週轉率等指標均高於標準，顯示公司資產管理效率高。
負債管理：負債對淨值比率、負債總額等指標均高於標準，顯示公司負債比例過高，需注意風險。",奇鋐公司在2025Q3的財務狀況顯示出多方面的優勢，包括償債能力強、盈利能力高及資產管理效率高。但需注意負債管理，以降低財務風險。,奇鋐公司在2025Q3的財務狀況顯示出多方面的優勢，包括償債能力強、盈利能力高及資產管理效率高。但需注意負債管理，尤其是負債對淨值比率及負債總額比例過高，建議公司加強負債管理，降低財務風險。
2025Q3,6570,維田,2,,,,,,,50,黃燈,"償債能力：利息保障倍數、流動比、現金比、速動比均優於標準，顯示公司短期及長期償債能力強。
盈利能力：每股稅後盈餘、稅後淨利率、股東權益報酬率均低於標準，顯示公司盈利能力弱。
資產管理效率：固定資產週轉率、存貨週轉率、總資產週轉率均低於標準，顯示公司資產管理效率低。
負債管理：負債對淨值比率、負債總額、長期負債均符合標準，顯示公司負債管理良好。",維田公司在2025Q3的財務狀況顯示出短期及長期償債能力強，但盈利能力和資產管理效率需改善。綜合評估得分為50分，燈號為黃燈。,維田公司在2025Q3的財務狀況顯示出短期及長期償債能力強，但盈利能力和資產管理效率低。最重要的風險在於盈利能力和資產管理效率的低下，建議公司加強盈利能力，提高資產使用效率，以降低財務風險。
2025Q3,3217,優群,2,,,,,,,75,綠燈,"償債能力：利息保障倍數、流動比、速動比均遠高於標準，顯示公司短期及長期償債能力非常強。
盈利能力：每股稅後盈餘、稅後淨利率、營業利益率、營業毛利率均高於標準，顯示公司盈利能力非常強。
資產管理效率：固定資產週轉率符合標準，但總資產週轉率低於標準，需提高資產使用效率。
應收帳款管理：應收帳款佔營收比率及應收帳款週轉率均低於標準，需加強應收帳款管理。",優群公司在2025Q3的財務狀況顯示出多方面的優勢，包括償債能力強、盈利能力強及資產管理效率良好。但需注意應收帳款管理及資產使用效率，以進一步提高財務狀況。,優群公司在2025Q3的財務狀況顯示出多方面的優勢，包括償債能力強、盈利能力強及資產管理效率良好。最重要的風險在於應收帳款管理及資產使用效率，建議公司加強應收帳款管理，提高資產使用效率，以進一步降低財務風險。
2025Q3,6922,宸耀,2,,,,,,,65,綠燈,"償債能力：利息保障倍數、流動比、速動比、現金比均遠優於標準，顯示公司短期及長期償債能力強。
盈利能力：每股稅後盈餘、稅後淨利率、營業利益率、營業毛利率均優於標準，顯示公司盈利能力強。
資產使用效率：固定資產週轉率、存貨週轉率、總資產週轉率均低於標準，顯示公司資產使用效率需改善。
負債管理：負債對淨值比率、負債總額略高於標準，需注意負債管理。",宸耀公司在2025Q3的財務狀況顯示出多方面的優勢，包括償債能力強、盈利能力強。然而，資產使用效率和負債管理方面仍需改善。整體評分為65分，綠燈。,宸耀公司在2025Q3的財務狀況顯示出多方面的問題，包括資產使用效率低、負債比例略高。建議公司加強資產管理，提高資產使用效率，並控制負債比例，以降低財務風險。
2025Q3,5439,高技,2,,,,,,,70,綠燈,"償債能力：利息保障倍數、流動比、速動比均高於標準，顯示公司短期及長期償債能力強。
資產使用效率：固定資產週轉率、總資產週轉率均高於標準，顯示公司資產使用效率高。
盈利能力：每股稅後盈餘、營業利益率、營業毛利率、稅後淨利率均高於標準，顯示公司盈利能力強。
風險管理：應收帳款佔營收比率、應付帳款比例、負債對淨值比率等指標顯示公司在風險管理方面存在一定問題。",高技公司在2025Q3的財務狀況顯示出多方面的優勢，包括償債能力強、資產使用效率高及盈利能力強。但需注意應收帳款管理及負債比例，以降低財務風險。,高技公司在2025Q3的財務狀況顯示出多方面的問題，包括應收帳款管理效率低、負債比例過高及現金流量穩定性差。建議公司加強應收帳款管理，控制負債比例，並提高現金流量的穩定性，以降低財務風險。
2025Q3,3588,通嘉,2,,,,,,,55,黃燈,"償債能力：利息保障倍數、流動比、速動比均優於標準，顯示公司短期及長期償債能力強。
資產管理：固定資產週轉率、存貨週轉率、總資產週轉率均低於標準，顯示公司資產管理效率低。
盈利能力：每股稅後盈餘、稅後淨利率、營業利益率均低於標準，顯示公司盈利能力弱。
負債管理：負債對淨值比率、負債總額、長期負債均優於標準，顯示公司負債管理良好。",通嘉公司在2025Q3的財務狀況顯示出償債能力強及負債管理良好，但資產管理效率低及盈利能力弱，需要進一步改善。,通嘉公司在2025Q3的財務狀況顯示出償債能力強及負債管理良好，但資產管理效率低及盈利能力弱。建議公司加強資產管理，提高盈利能力，以降低財務風險。
2025Q3,3037,欣興,2,,,,,,,55,黃燈,"償債能力：利息保障倍數、現金比等指標優於標準，但流動比、速動比等指標低於標準，顯示短期償債能力有待加強。
盈利能力：每股稅後盈餘、稅後淨利率等指標優於標準，但營業利益率和營業毛利率低於標準，顯示盈利能力有待提升。
資產管理：存貨週轉率優於標準，但固定資產週轉率、總資產週轉率等指標低於標準，顯示資產使用效率低。
負債管理：負債對淨值比率和負債總額高於標準，顯示公司負債水平過高，需加強負債管理。",欣興公司在2025Q3的財務狀況顯示出一些優勢，包括較強的償債能力和盈利能力，但資產使用效率低和負債水平過高是需要關注的問題。綜合評估得分為55分，對應黃燈，顯示公司財務狀況需進一步改善。,欣興公司在2025Q3的財務狀況顯示出一些風險，包括資產使用效率低、負債水平過高和盈利能力有待提升。建議公司加強資產管理，提高資產使用效率，並控制負債水平，以降低財務風險。
2025Q3,3014,聯陽,2,,,,,,,75,綠燈,"償債能力：利息保障倍數、流動比、速動比均高於標準，顯示公司短期及長期償債能力強。
盈利能力：每股稅後盈餘、營業利益率、營業毛利率、稅後淨利率均高於標準，顯示公司盈利能力強。
資產管理效率：固定資產週轉率高於標準，但總資產週轉率低於標準，顯示資產管理效率存在一定問題。
負債管理：負債對淨值比率、負債總額均符合標準，顯示公司負債管理合理。",聯陽公司在2025Q3的財務狀況顯示出多方面的優勢，包括償債能力強、盈利能力高及負債管理合理。但需注意資產管理效率及存貨、應收帳款佔比過高的問題。,聯陽公司在2025Q3的財務狀況顯示出多方面的問題，包括存貨佔比過高、應收帳款佔比過高及資產管理效率低。建議公司加強資產管理，提高存貨及應收帳款周轉速度，以降低財務風險。
2025Q3,3694,海華,2,,,,,,,65,綠燈,"償債能力：利息保障倍數、流動比、速動比均高於標準，顯示公司短期及長期償債能力均強。
資產使用效率：固定資產週轉率、總資產週轉率均高於標準，顯示公司資產使用效率良好。
盈利能力：每股稅後盈餘、稅後淨利率、營業利益率均高於標準，顯示公司盈利能力強。
負債管理：負債對淨值比率、負債總額偏高，需注意負債比例控制。",海華公司在2025Q3的財務狀況顯示出多方面的優勢，包括償債能力強、資產使用效率高及盈利能力強。但需注意負債管理，以降低財務風險。,海華公司在2025Q3的財務狀況顯示出多方面的優勢，包括償債能力強、資產使用效率高及盈利能力強。但需注意負債管理，以降低財務風險。建議公司加強應收帳款及存貨管理，並控制負債比例，以降低財務風險。
2025Q3,3028,增你強,2,,,,,,,45,黃燈,"償債能力：利息保障倍數、流動比、速動比均低於標準，顯示公司短期及長期償債能力均有問題。
盈利能力：營業利益率、營業毛利率、稅後淨利率均低於標準，顯示公司盈利能力較弱。
資產管理：固定資產週轉率高於標準，但應收帳款佔營收比率過高，需加強應收帳款管理。
負債管理：負債對淨值比率及負債總額比例過高，顯示公司負債壓力較大。",增你強公司在2025Q3的財務狀況顯示出多方面的問題，包括償債能力弱、盈利能力低、資產管理效率不佳及負債比例過高。建議公司加強資產管理，提高盈利能力，並控制負債比例，以降低財務風險。,增你強公司在2025Q3的財務狀況顯示出多方面的問題，包括償債能力弱、盈利能力低、資產管理效率差及負債比例過高。建議公司加強資產管理，提高盈利能力，並控制負債比例，以降低財務風險。
2025Q3,2428,興勤,2,,,,,,,70,綠燈,"償債能力：利息保障倍數、流動比、速動比均遠高於標準，顯示公司短期及長期償債能力強。
盈利能力：每股稅後盈餘、營業利益率、稅後淨利率均遠高於標準，顯示公司盈利能力強。
資產管理效率：固定資產週轉率符合標準，但總資產週轉率和應收帳款週轉率偏低，需改善資產使用效率。
負債管理：負債對淨值比率、負債總額及長期負債比例均低於標準，顯示公司負債管理良好。",興勤公司在2025Q3的財務狀況顯示出多方面的優勢，包括償債能力強、盈利能力高及負債管理良好。但需注意資產管理效率，特別是應收帳款及存貨管理，以降低財務風險。,興勤公司在2025Q3的財務狀況顯示出多方面的優勢，包括償債能力強、盈利能力高及負債管理良好。最重要的風險在於資產管理效率偏低，特別是應收帳款及存貨管理需改善。建議公司加強資產管理，提高存貨及應收帳款周轉率，以降低財務風險。
2025Q3,2408,南亞,2,,,,,,,65,綠燈,"償債能力：利息保障倍數、流動比、速動比均優於標準，顯示公司短期及長期償債能力強。
資產管理：固定資產週轉率、總資產週轉率及資產報酬率均低於標準，資產使用效率需改善。
盈利能力：每股稅後盈餘及稅後淨利率低於標準，但每股稅後盈餘年成長率顯示盈利成長強勁。
負債管理：負債對淨值比率及負債總額均優於標準，顯示公司負債比例低，財務風險較小。",南亞公司在2025Q3的財務狀況顯示出多方面的優勢，包括償債能力強、現金儲備充足及負債比例低。然而，資產使用效率及盈利能力需進一步改善，以提升整體財務表現。,南亞公司在2025Q3的財務狀況顯示出資產使用效率低及盈利能力較弱的問題。建議公司加強資產管理，提高資產週轉率及資產回報率，同時提升營業利益率及稅後淨利率，以改善整體財務狀況。
2025Q3,3665,貿聯-KY,2,,,,,,,75,綠燈,"償債能力：利息保障倍數、流動比、速動比均高於標準，顯示公司短期及長期償債能力強。
盈利能力：每股稅後盈餘、營業利益率、營業毛利率均高於標準，顯示公司盈利能力強。
資產使用效率：固定資產週轉率、總資產週轉率均符合標準，顯示公司資產使用效率良好。
負債管理：負債對淨值比率、負債總額均符合標準，顯示公司負債管理合理。",貿聯-KY公司在2025Q3的財務狀況顯示出多方面的優勢，包括償債能力強、盈利能力強及資產使用效率高。但需注意存貨及應收帳款管理，以降低財務風險。,貿聯-KY公司在2025Q3的財務狀況顯示出多方面的優勢，包括償債能力強、盈利能力高及資產使用效率良好。主要風險在於存貨及應收帳款管理，建議公司加強存貨管理，提高存貨週轉率，並改善應收帳款管理，以降低財務風險。
2025Q3,3023,信邦,2,,,,,,,60,黃燈,"償債能力：利息保障倍數、流動比、速動比均高於標準，顯示公司短期及長期償債能力強。
資產使用效率：固定資產週轉率、總資產週轉率符合標準，資產使用效率良好。
盈利能力：每股稅後盈餘高於標準，但年成長率和稅後淨利率低於標準，顯示盈利能力需提升。
負債管理：負債對淨值比率、負債總額符合標準，顯示公司負債管理合理。",信邦公司在2025Q3的財務狀況顯示出多方面的優勢，包括償債能力強、資產使用效率高及負債管理合理。但需注意盈利能力的提升及存貨、應收帳款管理，以降低財務風險。,信邦公司在2025Q3的財務狀況顯示出多方面的問題，包括存貨管理、應收帳款管理及盈利能力下降。建議公司加強存貨和應收帳款管理，提高盈利能力，並控制短期負債比例，以降低財務風險。
2025Q3,3064,泰偉,2,,,,,,,25,紅燈,"償債能力：利息保障倍數、流動比、速動比均低於標準，顯示公司短期及長期償債能力均有問題。
資產使用效率：固定資產週轉率、總資產週轉率均低於標準，顯示資產使用效率差。
盈利能力：營業利益率、稅後淨利率、每股稅後盈餘均低於標準，顯示公司盈利能力差。
負債管理：負債對淨值比率、負債總額比例均高於標準，顯示公司負債比例過高。",泰偉公司在2025Q3的財務狀況顯示出多方面的問題，包括償債能力弱、資產使用效率差、盈利能力低及負債比例過高。建議公司加強資產管理，提高盈利能力，並控制負債比例，以降低財務風險。,泰偉公司在2025Q3的財務狀況顯示出多方面的問題，包括償債能力弱、盈利能力低、資產管理效率差及負債比例過高。建議公司加強資產管理，提高盈利能力，並控制負債比例，以降低財務風險。
2025Q3,2387,精元,2,,,,,,,65,綠燈,"償債能力：利息保障倍數、流動比、速動比均優於標準，顯示公司短期及長期償債能力強。
資產使用效率：固定資產週轉率、總資產週轉率均優於標準，顯示公司資產使用效率高。
盈利能力：每股稅後盈餘、營業利益率、營業毛利率、稅後淨利率均低於標準，顯示公司盈利能力需提升。
現金流量：現金流量比低於標準，顯示公司現金流量不足，需加強現金管理。",精元公司在2025Q3的財務狀況顯示出多方面的優勢，包括償債能力強、資產使用效率高及財務結構穩定。但需注意盈利能力和現金流量管理，以降低財務風險。,精元公司在2025Q3的財務狀況顯示出多方面的問題，包括盈利能力低、現金流量不足、應收帳款管理需加強及存貨管理需改善。建議公司加強盈利能力，提高現金流量，並改善應收帳款及存貨管理，以降低財務風險。
2025Q3,2393,億光,2,,,,,,,75,綠燈,"償債能力：利息保障倍數、流動比、速動比均大幅優於標準，顯示公司短期及長期償債能力強。
盈利能力：每股稅後盈餘、營業利益率、稅後淨利率均優於標準，顯示公司盈利能力強。
資產管理效率：固定資產週轉率、存貨週轉率優於標準，但總資產週轉率和應收帳款週轉率低於標準，需改善資產使用效率。
負債管理：負債對淨值比率、負債總額比例均優於標準，顯示公司負債管理良好。",億光公司在2025Q3的財務狀況顯示出多方面的優勢，包括償債能力強、盈利能力強及負債管理良好。但需注意資產使用效率和應收帳款管理，以進一步降低財務風險。,億光公司在2025Q3的財務狀況顯示出多方面的問題，包括應收帳款管理效率低、資產使用效率差及現金流量不穩定。建議公司加強應收帳款管理，提高資產使用效率，並穩定現金流量，以降低財務風險。
2025Q3,6441,廣錠,2,,,,,,,25,紅燈,"償債能力：利息保障倍數、流動比、速動比均低於標準，顯示公司短期及長期償債能力均有問題。
盈利能力：每股稅後盈餘、營業利益率、稅後淨利率等指標均為負，顯示公司盈利能力極弱。
資產管理：固定資產週轉率、總資產週轉率、存貨週轉率均低於標準，顯示公司資產使用效率差。
現金流量：現金流量比低於標準，顯示公司現金流動性不足。",廣錠公司在2025Q3的財務狀況顯示出多方面的問題，包括償債能力弱、盈利能力低、資產管理效率差及現金流量不足。公司需加強資產管理，提高盈利能力，並控制負債比例，以降低財務風險。,廣錠公司在2025Q3的財務狀況顯示出多方面的問題，包括償債能力弱、盈利能力低、資產管理效率差及現金流量不足。建議公司加強資產管理，提高盈利能力，並控制負債比例，以降低財務風險。
2025Q3,3211,順達,2,,,,,,,65,綠燈,"償債能力：利息保障倍數、流動比、速動比均優於標準，顯示公司短期及長期償債能力均強。
資產使用效率：固定資產週轉率優於標準，但總資產週轉率略低於標準，顯示資產使用效率有待提升。
盈利能力：每股稅後盈餘和稅後淨利率優於標準，但每股稅後盈餘年成長率大幅下降，需關注盈利能力的持續性。
現金流量：現金比優於標準，但現金流量比低於標準，顯示現金流量有待改善。",順達公司在2025Q3的財務狀況顯示出多方面的優勢，包括償債能力強、資產使用效率高及盈利能力強。但需注意存貨與應收帳款管理，以及現金流量的改善。,順達公司在2025Q3的財務狀況顯示出多方面的問題，包括存貨壓力大、應收帳款回收速度慢及現金流量不足。建議公司加強存貨與應收帳款管理，提高現金流量，以降低財務風險。
2025Q3,4966,譜瑞,2,,,,,,,75,綠燈,"償債能力：流動比、速動比、現金比均遠高於標準，顯示公司短期償債能力極強。
盈利能力：每股稅後盈餘、營業利益率、稅後淨利率均高於標準，顯示公司盈利能力強。
資產管理：固定資產週轉率、股東權益總額均遠高於標準，但存貨週轉率、總資產週轉率需改善。
負債管理：負債總額、負債對淨值比率均符合標準，顯示公司負債管理良好。",譜瑞公司在2025Q3的財務狀況顯示出多方面的優勢，包括償債能力強、盈利能力強及負債管理良好。但需注意資產使用效率及存貨管理，以降低財務風險。,譜瑞公司在2025Q3的財務狀況顯示出多方面的優勢，包括償債能力強、盈利能力強及負債管理良好。然而，存貨週轉率低及總資產週轉率低顯示出資產使用效率需改善。此外，存貨佔營收比率高也需引起重視。建議公司加強資產管理，提高存貨週轉率及總資產週轉率，以降低財務風險。
2025Q3,6732,昇佳,2,,,,,,,65,綠燈,"償債能力：利息保障倍數、流動比、速動比均遠高於標準，顯示公司短期及長期償債能力強。
資產使用效率：固定資產週轉率高於標準，但總資產週轉率低於標準，顯示資產使用效率有待提升。
盈利能力：營業利益率、營業毛利率、每股稅後盈餘年成長率均低於標準，顯示盈利能力較弱。
現金流量：現金比、現金流量比均符合或高於標準，顯示現金流量穩定。",昇佳公司在2025Q3的財務狀況顯示出多方面的優勢，包括償債能力強、現金流量穩定及股東權益比例高。但需注意盈利能力及資產使用效率的提升，以降低財務風險。,昇佳公司在2025Q3的財務狀況顯示出多方面的問題，包括盈利能力低、資產使用效率差及存貨壓力大。建議公司加強盈利能力的提升，優化資產管理，並控制存貨比例，以降低財務風險。
2025Q3,8111,立碁,2,,,,,,,65,綠燈,"償債能力：利息保障倍數、流動比、速動比均優於標準，顯示公司短期及長期償債能力強。
盈利能力：稅後淨利率、營業毛利率均優於標準，但營業利益率偏低，需提高營業效率。
資產管理：固定資產週轉率、總資產週轉率均低於標準，顯示資產使用效率需改善。
負債管理：負債對淨值比率、負債總額均符合標準，長期負債佔比極低，負債管理良好。",立碁公司在2025Q3的財務狀況顯示出多方面的優勢，包括償債能力強、資產使用效率高及盈利能力強。但需注意資產管理效率及提高營業利益率，以進一步提升財務健康。,立碁公司在2025Q3的財務狀況顯示出多方面的優勢，包括償債能力強、資產使用效率高及盈利能力強。但需注意存貨佔比過高、應收帳款佔比過高及現金流量不足的問題。建議公司加強存貨管理，提高應收帳款周轉率及改善現金流量，以降低財務風險。
2025Q3,3416,融程,2,,,,,,,75,綠燈,"償債能力：利息保障倍數、流動比、速動比均高於標準，顯示公司短期及長期償債能力強。
盈利能力：每股稅後盈餘、營業利益率、稅後淨利率均高於標準，盈利能力強。
資產使用效率：固定資產週轉率高於標準，但總資產週轉率低於標準，資產使用效率需改進。
負債管理：負債對淨值比率、負債總額、流動負債比例均符合標準，負債管理良好。",融程公司在2025Q3的財務狀況顯示出多方面的優勢，包括償債能力強、盈利能力強及負債管理良好。但需注意存貨及應收帳款管理，以提高資產使用效率。,融程公司在2025Q3的財務狀況顯示出多方面的優勢，包括償債能力強、盈利能力強及負債管理良好。然而，公司在存貨管理及應收帳款管理方面存在一定的風險，建議公司加強存貨管理及應收帳款管理，以提高資產使用效率，進一步降低財務風險。
2025Q3,3537,堡達,2,,,,,,,75,綠燈,"償債能力：利息保障倍數、流動比、速動比均優於標準，顯示公司短期及長期償債能力強。
盈利能力：每股稅後盈餘、營業利益率、稅後淨利率均優於標準，顯示公司盈利能力強。
資產管理效率：固定資產週轉率、總資產週轉率均優於標準，顯示公司資產管理效率高。
負債管理：負債對淨值比率、負債總額均符合標準，顯示公司負債管理合理。",堡達公司在2025Q3的財務狀況顯示出多方面的優勢，包括償債能力強、資產使用效率高及盈利能力強。需注意應收帳款管理及存貨管理，以進一步降低財務風險。,堡達公司在2025Q3的財務狀況顯示出多方面的優勢，包括償債能力強、盈利能力高及資產管理效率高。但需注意應收帳款管理及存貨管理，這些方面的劣勢可能會影響公司的資金周轉及盈利能力。建議公司加強應收帳款管理，提高存貨周轉率，以降低財務風險。
2025Q3,5457,宣德,2,,,,,,,35,紅燈,"償債能力：利息保障倍數優於標準，但流動比、速動比、現金比均低於標準，顯示短期償債能力較弱。
資產使用效率：固定資產週轉率和總資產週轉率均低於標準，顯示資產使用效率低。
盈利能力：每股稅後盈餘、營業利益率、營業毛利率、稅後淨利率均低於標準，顯示盈利能力較弱。
負債管理：負債對淨值比率和負債總額比例均高於標準，顯示負債比例過高。",宣德公司在2025Q3的財務狀況顯示出多方面的問題，包括償債能力弱、資產使用效率低、盈利能力低及負債比例過高。建議公司加強資產管理，提高盈利能力，並控制負債比例，以降低財務風險。,宣德公司在2025Q3的財務狀況顯示出多方面的問題，包括償債能力弱、盈利能力低、資產管理效率差及負債比例過高。建議公司加強資產管理，提高盈利能力，並控制負債比例，以降低財務風險。
2025Q3,5474,聰泰,2,,,,,,,75,綠燈,"償債能力：利息保障倍數、流動比、速動比均高於標準，顯示公司短期及長期償債能力強。
盈利能力：營業利益率、營業毛利率、稅後淨利率均高於標準，顯示公司盈利能力強。
資產管理：固定資產週轉率、應收帳款週轉率高於標準，但總資產週轉率和存貨週轉率低於標準，顯示部分資產管理效率不佳。
負債管理：負債對淨值比率和負債總額均遠低於標準，顯示公司負債管理良好。",聰泰公司在2025Q3的財務狀況顯示出多方面的優勢，包括償債能力強、盈利能力高及負債管理良好。但需注意資產使用效率，特別是存貨及總資產的管理，以進一步提升整體財務表現。,聰泰公司在2025Q3的財務狀況顯示出多方面的優勢，包括償債能力強、盈利能力高及負債管理良好。然而，部分資產管理效率不佳，特別是存貨佔營收比率高、存貨週轉率低及總資產週轉率低，這些問題可能影響公司的資金周轉和整體運營效率。建議公司加強存貨管理，提升資產使用效率，以降低財務風險並提高整體財務表現。
2025Q3,2374,佳能,2,,,,,,,55,黃燈,"償債能力：利息保障倍數極高，流動比和速動比略低於標準，需注意短期償債能力。
資產使用效率：固定資產週轉率和總資產週轉率符合標準，但應收帳款週轉率略低於標準。
盈利能力：稅後淨利率和營業毛利率良好，但每股稅後盈餘略低於標準。
現金流量：現金比和現金流量比均低於標準，需改善現金流管理。",佳能公司在2025Q3的財務狀況顯示出一定的償債能力和盈利能力，但需注意現金流管理和存貨管理。整體評分為55，屬於黃燈，需進一步改善。,佳能公司在2025Q3的財務狀況顯示出一定的償債能力和盈利能力，但現金流管理和存貨管理需改善。建議公司加強現金流管理，提升存貨週轉率，並提高每股稅後盈餘，以降低財務風險。
2025Q3,3294,英濟,2,,,,,,,55,黃燈,"償債能力：利息保障倍數、流動比、速動比均高於標準，顯示公司短期及長期償債能力強。
盈利能力：每股稅後盈餘年成長率高，但每股稅後盈餘略低於標準，需注意盈利能力的穩定性。
資產管理：固定資產週轉率和存貨週轉率高，但應收帳款佔營收比率過高，需加強應收帳款管理。
負債管理：負債對淨值比率和負債總額均高於標準，需控制負債比例以降低財務風險。",英濟公司在2025Q3的財務狀況顯示出多方面的優勢，包括償債能力強、資產使用效率高及盈利能力強。但需注意負債管理，以降低財務風險。,英濟公司在2025Q3的財務狀況顯示出多方面的問題，包括應收帳款回收風險大、負債比例過高及現金流量不足。建議公司加強應收帳款管理，提高現金流量，並控制負債比例，以降低財務風險。
2025Q3,2484,希華,2,,,,,,,45,黃燈,"償債能力：利息保障倍數、流動比、速動比均優於標準，顯示公司短期及長期償債能力較強。
資產使用效率：固定資產週轉率和總資產週轉率均低於標準，顯示資產使用效率差。
盈利能力：每股稅後盈餘、營業利益率及稅後淨利率均低於標準，顯示盈利能力弱。
現金流量：現金流量比低於標準，顯示現金流量不足。",希華公司在2025Q3的財務狀況顯示出短期及長期償債能力較強，但資產使用效率差，盈利能力弱，現金流量不足。需注意改善資產使用效率及盈利能力，以降低財務風險。,希華公司在2025Q3的財務狀況顯示出多方面的問題，包括資產使用效率差、盈利能力低及現金流量不足。建議公司加強資產管理，提高盈利能力，並改善現金流量，以降低財務風險。
2025Q3,2486,一詮,2,,,,,,,45,黃燈,"償債能力：利息保障倍數低於標準，顯示公司短期及長期償債能力均有問題。
資產使用效率：固定資產週轉率和總資產週轉率均低於標準，顯示資產使用效率低。
盈利能力：營業利益率和稅後淨利率均低於標準，顯示盈利能力較弱。
現金流狀況：現金流量比為負值，顯示現金流狀況不佳。",一詮公司在2025Q3的財務狀況顯示出多方面的問題，包括償債能力弱、資產管理效率差及盈利能力低。儘管現金儲備充足，但現金流狀況不佳，需加強資產管理和盈利能力。,一詮公司在2025Q3的財務狀況顯示出多方面的問題，包括償債能力弱、盈利能力低、資產管理效率差及負債比例過高。建議公司加強資產管理，提高盈利能力，並控制負債比例，以降低財務風險。
2025Q3,6206,飛捷,2,,,,,,,85,綠燈,"償債能力：利息保障倍數、流動比、速動比均遠高於標準，顯示公司短期及長期償債能力非常強。
盈利能力：每股稅後盈餘、稅後淨利率、營業利益率均高於標準，盈利能力強。
資產管理：固定資產週轉率接近標準，但總資產週轉率和資產報酬率低於標準，需提升資產使用效率。
負債管理：負債對淨值比率和負債總額均低於標準，顯示公司負債管理良好。",飛捷公司在2025Q3的財務狀況顯示出多方面的優勢，包括償債能力強、盈利能力強及負債管理良好。但需注意存貨及應收帳款管理，以提升資產使用效率。,飛捷公司在2025Q3的財務狀況顯示出多方面的優勢，包括償債能力強、盈利能力強及負債管理良好。最重要的風險在於存貨佔營收比率和應收帳款佔營收比率偏高，存貨週轉率和資產報酬率偏低。建議公司加強存貨及應收帳款管理，提高資產使用效率，以降低財務風險。
2025Q3,3715,定穎投控,2,,,,,,,25,紅燈,"償債能力：利息保障倍數、流動比、速動比均低於標準，顯示公司短期及長期償債能力均有問題。
資產使用效率：固定資產週轉率、總資產週轉率均低於標準，顯示公司資產使用效率低。
盈利能力：每股稅後盈餘、稅後淨利率均低於標準，顯示公司盈利能力弱。
負債管理：負債對淨值比率、負債總額均高於標準，顯示公司負債比例過高，存在財務風險。",定穎投控公司在2025Q3的財務狀況顯示出多方面的問題，包括償債能力弱、資產使用效率低、盈利能力弱及負債比例過高。綜合評估得分為25分，顯示出公司目前財務風險較高，需加強管理。,定穎投控公司在2025Q3的財務狀況顯示出多方面的問題，包括償債能力弱、盈利能力低、資產管理效率差及負債比例過高。建議公司加強資產管理，提高盈利能力，並控制負債比例，以降低財務風險。
2025Q3,6282,康舒,2,,,,,,,45,黃燈,"償債能力：利息保障倍數優於標準，但流動比和速動比均劣於標準，顯示短期償債能力偏弱。
資產使用效率：固定資產週轉率符合標準，但總資產週轉率劣於標準，顯示資產使用效率偏低。
盈利能力：每股稅後盈餘年成長率優於標準，但每股稅後盈餘、營業利益率和稅後淨利率均劣於標準，顯示盈利能力偏低。
負債管理：負債對淨值比率和負債總額均劣於標準，顯示負債比例偏高。",康舒公司在2025Q3的財務狀況顯示出多方面的問題，包括短期償債能力偏弱、資產使用效率低、盈利能力不足及負債比例偏高。建議公司加強資產管理，提高盈利能力，並控制負債比例，以降低財務風險。,康舒公司在2025Q3的財務狀況顯示出多方面的問題，包括短期償債能力偏弱、資產使用效率低、盈利能力不足及負債比例偏高。建議公司加強資產管理，提高盈利能力，並控制負債比例，以降低財務風險。
2025Q3,6237,驊訊,2,,,,,,,55,黃燈,"償債能力：利息保障倍數極低，現金流量比負值，顯示公司短期償債能力有問題，但流動比和速動比高。
資產使用效率：固定資產週轉率和總資產週轉率均低於標準，顯示資產使用效率低。
盈利能力：營業利益率、稅後淨利率均為負值，顯示公司盈利能力弱。
負債管理：負債對淨值比率和負債總額比例均低於標準，顯示公司負債管理良好。",驊訊公司在2025Q3的財務狀況顯示出多方面的問題，包括償債能力弱、資產使用效率低及盈利能力差，但在負債管理方面表現良好。綜合以上指標，給予黃燈警示。,驊訊公司在2025Q3的財務狀況顯示出償債能力弱、盈利能力低及資產使用效率差的問題。建議公司加強資產管理，提高盈利能力，並改善現金流量，以降低財務風險。
2025Q3,2330,台積電,2,,,,,,,90,綠燈,"償債能力：利息保障倍數、流動比、速動比均遠高於標準，顯示公司短期及長期償債能力非常強。
盈利能力：營業利益率、營業毛利率、稅後淨利率均高於標準，顯示公司盈利能力強。
資產使用效率：固定資產週轉率、總資產週轉率均符合標準，顯示公司資產使用效率良好。
負債管理：負債對淨值比率、負債總額比例均符合標準，顯示公司負債管理良好。",台積電公司在2025Q3的財務狀況顯示出多方面的優勢，包括償債能力強、資產使用效率高及盈利能力強。整體財務狀況非常良好，風險較低。,台積電公司在2025Q3的財務狀況顯示出多方面的優勢，包括償債能力強、盈利能力高、資產使用效率良好及負債比例低。建議公司繼續保持現有的財務管理策略，並密切監控市場動向，以應對未來可能的挑戰。
2025Q3,2327,國巨,2,,,,,,,55,黃燈,"償債能力：利息保障倍數、現金比等指標優於標準，但流動比和現金流量比低於標準，顯示短期償債能力有待改善。
資產使用效率：固定資產週轉率符合標準，但總資產週轉率低於標準，顯示資產使用效率低。
盈利能力：營業利益率、營業毛利率、稅後淨利率等指標均優於標準，顯示盈利能力強。
負債管理：負債對淨值比率和負債總額高於標準，顯示負債比例偏高，需加強負債管理。",國巨公司在2025Q3的財務狀況顯示出盈利能力強，但資產使用效率低，短期償債能力有待改善，且負債比例偏高。綜合評估給予55分，燈號為黃燈。,國巨公司在2025Q3的財務狀況顯示出盈利能力強，但需注意短期償債能力和資產使用效率。此外，負債比例偏高，需加強負債管理以降低財務風險。建議公司進一步改善存貨管理和應收帳款管理，提高資產使用效率，並控制負債比例。
2025Q3,2457,飛宏,2,,,,,,,45,黃燈,"償債能力：流動比、速動比、現金比均優於標準，顯示公司短期償債能力強。
盈利能力：每股稅後盈餘、稅後淨利率、營業利益率均低於標準，顯示公司盈利能力弱。
資產管理：應收帳款佔營收比率、存貨佔營收比率、應收帳款週轉率均低於標準，顯示公司資產管理效率低。
負債管理：負債對淨值比率、負債總額均高於標準，顯示公司負債壓力大。",飛宏公司在2025Q3的財務狀況顯示出短期償債能力強，但盈利能力和資產管理效率低，且負債壓力大，需進一步改善。,飛宏公司在2025Q3的財務狀況顯示出多方面的問題，包括盈利能力弱、資產管理效率低及負債比例過高。建議公司加強資產管理，提高盈利能力，並控制負債比例，以降低財務風險。
2025Q3,8271,宇瞻,2,,,,,,,80,綠燈,"償債能力：利息保障倍數、流動比、速動比均優於標準，顯示公司短期及長期償債能力強。
資產使用效率：固定資產週轉率、總資產週轉率均優於標準，顯示公司資產使用效率高。
盈利能力：每股稅後盈餘、稅後淨利率、業外損益佔營收比率均優於標準，顯示公司盈利能力強。
負債管理：負債對淨值比率、負債總額均優於標準，顯示公司負債管理良好。",宇瞻公司在2025Q3的財務狀況顯示出多方面的優勢，包括償債能力強、資產使用效率高及盈利能力強。儘管部分指標如存貨佔營收比率及股東權益報酬率偏低，但整體財務狀況良好。,宇瞻公司在2025Q3的財務狀況顯示出多方面的優勢，但需注意存貨佔營收比率過高及股東權益報酬率偏低。建議公司加強存貨管理，提高存貨週轉率，並提升股東權益報酬率，以降低財務風險。
2025Q3,3564,其陽,2,,,,,,,55,黃燈,"償債能力：利息保障倍數低於標準，流動比和速動比符合標準，但現金流量比低於標準。
盈利能力：每股稅後盈餘和稅後淨利率均低於標準，盈利能力較弱。
資產管理效率：固定資產週轉率和總資產週轉率均低於標準，資產使用效率較低。
負債管理：負債對淨值比率和負債總額均符合標準，負債比例合理。",其陽公司在2025Q3的財務狀況顯示出多方面的問題，包括償債能力弱、盈利能力低、資產管理效率差。儘管負債比例合理，但整體財務狀況仍需改善。,其陽公司在2025Q3的財務狀況顯示出多方面的問題，包括償債能力弱、盈利能力低、資產管理效率差。建議公司加強資產管理，提高盈利能力，並改善現金流量狀況，以降低財務風險。
2025Q3,8050,廣積,2,,,,,,,55,黃燈,"償債能力：利息保障倍數、流動比、現金比均符合或優於標準，顯示公司短期及長期償債能力較強。
資產使用效率：固定資產週轉率、總資產週轉率均低於標準，顯示資產使用效率需提升。
盈利能力：營業利益率、稅後淨利率低於標準，顯示盈利能力需改善。
負債管理：負債對淨值比率、負債總額符合標準，顯示負債管理良好。",廣積公司在2025Q3的財務狀況顯示出償債能力強、負債管理良好，但資產使用效率及盈利能力需提升。綜合評估得分為55分，燈號為黃燈。,廣積公司在2025Q3的財務狀況顯示出償債能力強、負債管理良好，但資產使用效率低及盈利能力不足。建議公司加強資產管理，提高盈利能力，並控制存貨及應收帳款比例，以降低財務風險。
2025Q3,8261,富鼎先進,2,,,,,,,75,綠燈,"償債能力：利息保障倍數、流動比、速動比均遠高於標準，顯示公司短期及長期償債能力極強。
盈利能力：每股稅後盈餘、營業利益率、營業毛利率、稅後淨利率均高於標準，顯示公司盈利能力強。
資產管理效率：固定資產週轉率高於標準，但總資產週轉率和資產報酬率低於標準，顯示資產管理效率有待改善。
負債管理：負債對淨值比率、負債總額、長期負債比例均低於標準，顯示公司負債管理良好。",富鼎先進公司在2025Q3的財務狀況顯示出多方面的優勢，包括償債能力強、盈利能力強及負債管理良好。但需注意資產管理效率，以提高資產回報率。,富鼎先進公司在2025Q3的財務狀況顯示出多方面的優勢，包括償債能力強、盈利能力強及負債管理良好。建議公司加強資產管理，提高資產回報率，並改善現金流量狀況，以降低財務風險。
2025Q3,3479,安勤,2,,,,,,,55,黃燈,"償債能力：利息保障倍數、流動比、速動比均優於標準，顯示公司短期及長期償債能力強。
盈利能力：每股稅後盈餘、稅後淨利率接近標準，但年成長率低於標準，需改善盈利能力。
資產使用效率：固定資產週轉率、存貨週轉率接近標準，但總資產週轉率低於標準，需提高資產使用效率。
負債管理：負債對淨值比率及負債總額高於標準，需加強負債管理。",安勤公司在2025Q3的財務狀況顯示出短期及長期償債能力強，但在盈利能力、資產使用效率及負債管理方面存在一定的風險，需進一步改善。,安勤公司在2025Q3的財務狀況顯示出短期及長期償債能力強，但需注意存貨管理及應收帳款管理。此外，公司的盈利能力及資產使用效率需進一步提高，並加強負債管理，以降低財務風險。
2025Q3,3689,湧德,2,,,,,,,65,綠燈,"償債能力：利息保障倍數、流動比、速動比均高於標準，顯示公司短期及長期償債能力強。
盈利能力：營業利益率、營業毛利率均高於標準，但每股稅後盈餘及其年成長率低於標準，盈利能力需提升。
資產管理：固定資產週轉率、存貨週轉率均高於標準，但應收帳款佔營收比率過高，應收帳款管理需改善。
負債管理：負債對淨值比率、負債總額及長期負債比例均符合標準，顯示公司負債管理良好。",湧德公司在2025Q3的財務狀況顯示出多方面的優勢，包括償債能力強、資產使用效率高及盈利能力良好。但需注意應收帳款管理及提升每股稅後盈餘，以降低財務風險。,湧德公司在2025Q3的財務狀況顯示出多方面的問題，包括應收帳款管理需改善、盈利能力需提升及現金流量不足。建議公司加強應收帳款管理，提高盈利能力，並改善現金流量，以降低財務風險。
2025Q3,2324,仁寶,2,,,,,,,45,黃燈,"償債能力：利息保障倍數、現金比、固定資產週轉率等指標優於標準，但流動比、速動比等指標低於標準，顯示短期償債能力有待加強。
盈利能力：營業利益率、營業毛利率、每股稅後盈餘等指標均低於標準，顯示盈利能力較弱。
資產管理：總資產週轉率、存貨週轉率等指標優於標準，但應收帳款週轉率低於標準，顯示資產管理有待改善。
負債管理：負債對淨值比率、負債總額等指標高於標準，顯示負債壓力較大。",仁寶公司在2025Q3的財務狀況顯示出多方面的問題，包括償債能力不足、盈利能力較弱、資產管理效率不高及負債比例過高。建議公司加強資產管理，提高盈利能力，並控制負債比例，以降低財務風險。,仁寶公司在2025Q3的財務狀況顯示出多方面的問題，包括償債能力弱、盈利能力低、資產管理效率差及負債比例過高。建議公司加強資產管理，提高盈利能力，並控制負債比例，以降低財務風險。
2025Q3,6913,鴻呈,2,,,,,,,75,綠燈,"償債能力：利息保障倍數、流動比、速動比均優於標準，顯示公司短期及長期償債能力強。
資產使用效率：固定資產週轉率、總資產週轉率均符合或優於標準，資產使用效率良好。
盈利能力：每股稅後盈餘及其年成長率、營業利益率、營業毛利率均優於標準，盈利能力強。
負債管理：負債對淨值比率、負債總額、長期負債比例均符合或優於標準，負債管理良好。",鴻呈公司在2025Q3的財務狀況顯示出多方面的優勢，包括償債能力強、資產使用效率高及盈利能力強。但需注意應收帳款管理及現金流量，以降低財務風險。,鴻呈公司在2025Q3的財務狀況顯示出多方面的優勢，包括償債能力強、資產使用效率高及盈利能力強。但應收帳款佔營收比率及應收帳款週轉率偏高，顯示應收帳款管理需改善。此外，現金流量比低於標準，需加強現金流管理。建議公司加強應收帳款管理，提高現金流量，以降低財務風險。
2025Q3,3501,維熹,2,,,,,,,60,黃燈,"償債能力：利息保障倍數、流動比、速動比均高於標準，顯示公司短期及長期償債能力強。
盈利能力：每股稅後盈餘、稅後淨利率、營業利益率均低於標準，顯示公司盈利能力較弱。
資產管理：固定資產週轉率、總資產週轉率、應收帳款週轉率均低於標準，顯示公司資產使用效率低。
負債管理：負債對淨值比率、負債總額、長期負債比例均低於標準，顯示公司負債管理良好。",維熹公司在2025Q3的財務狀況顯示出多方面的優勢，包括償債能力強、負債管理良好及現金儲備能力強。但需注意盈利能力及資產使用效率，以提高整體財務表現。,維熹公司在2025Q3的財務狀況顯示出盈利能力弱、資產使用效率低及現金流量穩定性差。建議公司加強盈利能力，提高資產使用效率，並改善現金流量管理，以降低財務風險。
2025Q3,6569,醫揚,2,,,,,,,70,綠燈,"償債能力：利息保障倍數、流動比、現金比、負債對淨值比率等指標均優於標準，顯示公司償債能力強。
盈利能力：每股稅後盈餘年成長率、營業毛利率、稅後淨利率等指標均符合或優於標準，但每股稅後盈餘略低於標準，需提升盈利能力。
資產使用效率：固定資產週轉率、應付帳款比例等指標優於標準，但總資產週轉率、應收帳款週轉率、存貨週轉率等指標低於標準，需提升資產使用效率。
現金流量：現金比率高於標準，但現金流量比低於標準，需改善現金流量管理。",醫揚公司在2025Q3的財務狀況顯示出多方面的優勢，包括償債能力強、資產使用效率高及盈利能力強。但需注意存貨及應收帳款管理，以提升資產使用效率，並改善現金流量狀況。,醫揚公司在2025Q3的財務狀況顯示出多方面的優勢，包括償債能力強、資產使用效率高及盈利能力強。但需注意存貨及應收帳款管理，以提升資產使用效率，並改善現金流量狀況。建議公司加強存貨及應收帳款管理，提高資產使用效率，並改善現金流量管理，以降低財務風險。
2025Q3,6114,久威,2,,,,,,,75,綠燈,"償債能力：利息保障倍數、流動比、速動比均遠優於標準，顯示公司短期及長期償債能力強。
盈利能力：每股稅後盈餘、每股稅後盈餘年成長率、營業利益率、營業毛利率和稅後淨利率均優於標準，顯示公司盈利能力強。
資產管理：固定資產週轉率、存貨週轉率均優於標準，但應收帳款佔營收比率和應收帳款週轉率低於標準，顯示公司在應收帳款管理上存在風險。
負債管理：負債對淨值比率、負債總額和長期負債比例均優於標準，顯示公司負債管理良好。",久威公司在2025Q3的財務狀況顯示出多方面的優勢，包括償債能力強、盈利能力強及負債管理良好。但需注意應收帳款管理，以降低財務風險。,久威公司在2025Q3的財務狀況顯示出多方面的優勢，包括償債能力強、盈利能力強及負債管理良好。但應收帳款佔營收比率和應收帳款週轉率低於標準，顯示公司在應收帳款管理上存在風險。建議公司加強應收帳款管理，提高資產使用效率，以降低財務風險。
2025Q3,5236,凌陽,2,,,,,,,75,綠燈,"償債能力：利息保障倍數、流動比、速動比均遠高於標準，顯示公司償債能力強。
資產使用效率：固定資產週轉率高於標準，但總資產週轉率低於標準，需改善資產使用效率。
盈利能力：營業利益率、營業毛利率、稅後淨利率均高於標準，顯示公司盈利能力強。
負債管理：負債對淨值比率、負債總額比例均符合標準，顯示公司負債管理良好。",凌陽公司在2025Q3的財務狀況顯示出多方面的優勢，包括償債能力強、資產使用效率高及盈利能力強。但需注意存貨及應收帳款管理，以降低財務風險。,凌陽公司在2025Q3的財務狀況顯示出多方面的優勢，包括償債能力強、盈利能力高及負債比例低。但需注意存貨及應收帳款管理，以改善資產使用效率及降低財務風險。建議公司加強存貨管理及應收帳款管理，提高資產週轉率及股東權益報酬率。
2025Q3,6168,宏齊,2,,,,,,,65,綠燈,"償債能力：利息保障倍數、流動比、速動比均優於標準，顯示公司短期及長期償債能力強。
資產管理：固定資產週轉率、股東權益總額比例優於標準，但總資產週轉率和資產報酬率需改善。
盈利能力：每股稅後盈餘年成長率和營業毛利率優於標準，但每股稅後盈餘和營業利益率低於標準。
現金流管理：現金比優於標準，但現金流量比低於標準，需加強現金流管理。",宏齊公司在2025Q3的財務狀況顯示出多方面的優勢，包括償債能力強、資產使用效率高及盈利能力增長迅速。但需注意存貨管理、應收帳款管理及現金流管理，以降低財務風險。,宏齊公司在2025Q3的財務狀況顯示出多方面的問題，包括存貨管理需改善、應收帳款管理需加強、現金流量不足及資產使用效率低。建議公司加強存貨管理，提高應收帳款周轉速度，並改善現金流管理，以降低財務風險。
2025Q3,3528,安馳,2,,,,,,,35,紅燈,"償債能力：利息保障倍數優於標準，但流動比和速動比均低於標準，顯示公司短期償債能力有問題。
資產使用效率：固定資產週轉率和總資產週轉率優於標準，顯示公司資產使用效率高。
盈利能力：每股稅後盈餘和年成長率優於標準，但稅後淨利率、營業利益率和營業毛利率均低於標準，顯示公司盈利能力有待提升。
負債管理：負債對淨值比率和負債總額比例均劣於標準，顯示公司負債比例過高，需加強負債管理。",安馳公司在2025Q3的財務狀況顯示出多方面的問題，包括償債能力弱、盈利能力低、存貨管理效率差及負債比例過高。建議公司加強資產管理，提高盈利能力，並控制負債比例，以降低財務風險。,安馳公司在2025Q3的財務狀況顯示出多方面的問題，包括償債能力弱、盈利能力低、資產管理效率差及負債比例過高。建議公司加強資產管理，提高盈利能力，並控制負債比例，以降低財務風險。
2025Q3,6166,ADLINK,2,,,,,,,55,黃燈,"償債能力：利息保障倍數、流動比、現金比均優於標準，顯示公司短期及長期償債能力良好。
資產管理：固定資產週轉率優於標準，但存貨週轉率及應收帳款週轉率劣於標準，需改善資產管理效率。
盈利能力：每股稅後盈餘及每股稅後盈餘年成長率均優於標準，顯示盈利能力強，但稅後淨利率及營業利益率需提升。
負債管理：負債對淨值比率劣於標準，顯示負債比例過高，需改善負債管理。",ADLINK公司在2025Q3的財務狀況顯示出多方面的優勢，包括償債能力強、資產使用效率高及盈利能力強。但需注意存貨管理、應收帳款管理及負債比例，以降低財務風險。,ADLINK公司在2025Q3的財務狀況顯示出多方面的問題，包括存貨管理效率差、應收帳款流動性低及負債比例過高。建議公司加強存貨及應收帳款管理，提高資產使用效率，並控制負債比例，以降低財務風險。
2025Q3,3013,晟銘,2,,,,,,,65,綠燈,"償債能力：利息保障倍數、流動比、速動比均符合或優於標準，顯示公司短期及長期償債能力良好。
盈利能力：每股稅後盈餘年成長率高於標準，顯示公司盈利能力增長迅速，但稅後淨利率略低於標準。
資產管理：總資產週轉率符合標準，但固定資產週轉率和資產報酬率低於標準，需改善資產使用效率。
負債管理：負債對淨值比率和負債總額均符合標準，顯示公司負債管理良好。",晟銘公司在2025Q3的財務狀況顯示出多方面的優勢，包括償債能力強、盈利能力增長迅速及負債管理良好。但需注意資產使用效率及應收帳款管理，以降低財務風險。,晟銘公司在2025Q3的財務狀況顯示出多方面的問題，包括固定資產使用效率低、存貨及應收帳款管理需改善、資產報酬率低及稅後淨利率略低於標準。建議公司加強資產管理，提高盈利能力，並改善現金流量及應收帳款管理，以降低財務風險。
2025Q3,6577,勁豐,2,,,,,,,65,綠燈,"償債能力：利息保障倍數、流動比、速動比均遠高於標準，顯示公司短期及長期償債能力均強。
資產使用效率：固定資產週轉率遠高於標準，但總資產週轉率低於標準，需提高資產使用效率。
盈利能力：稅後淨利率、營業利益率、營業毛利率均符合標準，但每股稅後盈餘和其成長率低於標準，需改善盈利能力。
現金流量：現金流量比低於標準，需改善現金流狀況。",勁豐公司在2025Q3的財務狀況顯示出多方面的優勢，包括償債能力強、資產使用效率高及盈利能力強，但需注意存貨管理、現金流量及資產使用效率，以降低財務風險。,勁豐公司在2025Q3的財務狀況顯示出多方面的問題，包括存貨管理效率低、現金流量狀況不佳及資產使用效率較低。建議公司加強存貨管理，提高現金流量狀況，並提升資產使用效率，以降低財務風險。
2025Q3,5269,祥碩,2,,,,,,,85,綠燈,"償債能力：利息保障倍數、流動比、速動比、現金比均遠高於標準，顯示公司短期及長期償債能力均極強。
盈利能力：每股稅後盈餘、稅後淨利率、營業利益率、營業毛利率均高於標準，顯示公司盈利能力強。
資產管理效率：固定資產週轉率高於標準，但總資產週轉率低於標準，需改善資產使用效率。
負債管理：負債對淨值比率、負債總額均低於標準，顯示公司負債管理良好。",祥碩公司在2025Q3的財務狀況顯示出多方面的優勢，包括償債能力強、盈利能力強及負債管理良好。但需注意存貨及應收帳款管理，以提高資產使用效率。,祥碩公司在2025Q3的財務狀況顯示出多方面的優勢，包括償債能力強、盈利能力強及負債管理良好。最重要的風險在於存貨及應收帳款管理，建議公司加強存貨及應收帳款管理，以提高資產使用效率，並進一步提升股東回報率。
2025Q3,8081,致新,2,,,,,,,60,黃燈,"償債能力：利息保障倍數、流動比、速動比、現金比均遠高於標準，顯示公司短期及長期償債能力均強。
盈利能力：營業利益率、營業毛利率、稅後淨利率均高於標準，但每股稅後盈餘及其年成長率低於標準，需注意盈利能力的提升。
資產管理：固定資產週轉率符合標準，但總資產週轉率及資產報酬率低於標準，需提升資產使用效率。
負債管理：負債對淨值比率及負債總額均遠低於標準，顯示公司負債比例合理，風險較低。",致新公司在2025Q3的財務狀況顯示出多方面的優勢，包括償債能力強、盈利能力良好及負債比例合理。但需注意存貨及應收帳款管理，提升資產使用效率及盈利能力。,致新公司在2025Q3的財務狀況顯示出多方面的問題，包括存貨管理及應收帳款管理需改善，資產使用效率低及盈利能力下降。建議公司加強存貨及應收帳款管理，提高資產使用效率及盈利能力，以降低財務風險。
2025Q3,4915,致伸,2,,,,,,,45,黃燈,"償債能力：利息保障倍數、現金比優於標準，但流動比、速動比和現金流量比均低於標準，顯示公司短期償債能力較弱。
盈利能力：每股稅後盈餘優於標準，但營業利益率、營業毛利率、稅後淨利率和資產報酬率均低於標準，盈利能力較弱。
資產使用效率：固定資產週轉率和總資產週轉率優於標準，顯示資產使用效率高，但存貨週轉率和應收帳款週轉率低於標準，顯示存貨和應收帳款管理不佳。
負債管理：負債對淨值比率和負債總額高於標準，顯示負債風險較高，但長期負債比例較低，顯示長期負債壓力小。",致伸公司在2025Q3的財務狀況顯示出多方面的問題，包括短期償債能力較弱、盈利能力較弱、存貨和應收帳款管理不佳及負債風險較高。建議公司加強資產管理，提高盈利能力，並控制負債比例，以降低財務風險。,致伸公司在2025Q3的財務狀況顯示出多方面的問題，包括短期償債能力較弱、盈利能力較弱、存貨和應收帳款管理不佳及負債風險較高。建議公司加強資產管理，提高盈利能力，並控制負債比例，以降低財務風險。
2025Q3,8114,振樺電,2,,,,,,,65,綠燈,"償債能力：流動比和速動比均優於標準，顯示公司短期償債能力強。
盈利能力：每股稅後盈餘和稅後淨利率均優於標準，顯示公司盈利能力強。
資產使用效率：固定資產週轉率和總資產週轉率均低於標準，顯示資產使用效率偏低。
負債管理：負債對淨值比率和負債總額均符合標準，顯示公司負債管理良好。",振樺電公司在2025Q3的財務狀況顯示出多方面的優勢，包括償債能力強、盈利能力高及負債管理良好。但需注意資產使用效率和現金流量，以降低財務風險。,振樺電公司在2025Q3的財務狀況顯示出多方面的優勢，包括償債能力強、盈利能力高及負債管理良好。但需注意資產使用效率和現金流量，建議公司加強資產管理，提高現金流量，以降低財務風險。
2025Q3,2472,立隆,2,,,,,,,70,綠燈,"償債能力：利息保障倍數、流動比、速動比均遠高於標準，顯示公司短期及長期償債能力強。
盈利能力：每股稅後盈餘、每股稅後盈餘年成長率、營業利益率、營業毛利率及稅後淨利率均高於標準，顯示公司盈利能力強。
資產管理：固定資產週轉率、存貨週轉率、應收帳款週轉率及總資產週轉率均低於標準，顯示公司資產使用效率需改善。
負債管理：負債對淨值比率、負債總額及長期負債均低於標準，顯示公司負債控制良好。",立隆公司在2025Q3的財務狀況顯示出多方面的優勢，包括償債能力強、盈利能力強及負債控制良好。但需注意資產管理效率，以降低財務風險。,立隆公司在2025Q3的財務狀況顯示出多方面的優勢，包括償債能力強、盈利能力強及負債控制良好。但需注意資產管理效率，特別是固定資產週轉率、存貨週轉率、應收帳款週轉率及總資產週轉率均低於標準，顯示公司資產使用效率需改善。建議公司加強資產管理，提高資產使用效率，以降低財務風險。
2025Q3,3577,泓格,2,,,,,,,70,綠燈,"償債能力：利息保障倍數、流動比、現金比、速動比均高於標準，顯示公司短期及長期償債能力強。
盈利能力：每股稅後盈餘及其年成長率低於標準，顯示公司盈利能力下降。
資產使用效率：固定資產週轉率、存貨週轉率、總資產週轉率均低於標準，顯示資產使用效率低。
財務結構：股東權益比例高，負債比例低，顯示公司財務結構穩健。",泓格公司在2025Q3的財務狀況顯示出多方面的優勢，包括償債能力強、財務結構穩健。但需注意盈利能力的下降及資產使用效率低的問題。,泓格公司在2025Q3的財務狀況顯示出多方面的問題，包括盈利能力下降、資產使用效率低。建議公司加強盈利能力的提升及資產管理，提高資產使用效率，以降低財務風險。
2025Q3,8042,金山電,2,,,,,,,35,紅燈,"償債能力：利息保障倍數、流動比、速動比和現金比均低於標準，顯示公司短期及長期償債能力均有問題。
資產使用效率：固定資產週轉率和總資產週轉率低於標準，顯示公司資產使用效率需改善。
盈利能力：每股稅後盈餘、營業利益率和稅後淨利率均低於標準，顯示公司盈利能力偏弱。
負債管理：負債對淨值比率和負債總額高於標準，顯示公司負債比例偏高，需加強負債管理。",金山電公司在2025Q3的財務狀況顯示出多方面的問題，包括償債能力弱、資產使用效率低、盈利能力低及負債比例過高。建議公司加強資產管理，提高盈利能力，並控制負債比例，以降低財務風險。,金山電公司在2025Q3的財務狀況顯示出多方面的問題，包括償債能力弱、盈利能力低、資產管理效率差及負債比例過高。建議公司加強資產管理，提高盈利能力，並控制負債比例，以降低財務風險。
2025Q3,8299,Phison,2,,,,,,,75,綠燈,"償債能力：利息保障倍數、流動比、現金比等多項指標優於標準，顯示公司償債能力強。
資產使用效率：固定資產週轉率、總資產週轉率符合標準，顯示資產使用效率良好。
盈利能力：每股稅後盈餘、稅後淨利率等指標優於標準，顯示公司盈利能力強。
風險管理：負債對淨值比率、負債總額等指標優於標準，顯示公司風險管理良好。",Phison公司在2025Q3的財務狀況顯示出多方面的優勢，包括償債能力強、資產使用效率高及盈利能力強。但需注意存貨及應收帳款管理，以進一步降低財務風險。,Phison公司在2025Q3的財務狀況顯示出多方面的優勢，包括償債能力強、資產使用效率高及盈利能力強。然而，公司在存貨管理及應收帳款管理方面存在一定風險，建議加強這些方面的管理，以進一步降低財務風險。
2025Q3,6715,嘉基,2,,,,,,,30,紅燈,"償債能力：利息保障倍數、現金流量比、稅後淨利率均低於標準，顯示公司償債能力有問題。
資產使用效率：固定資產週轉率、總資產週轉率均低於標準，顯示公司資產使用效率差。
盈利能力：每股稅後盈餘、營業利益率、稅後淨利率均低於標準，顯示公司盈利能力差。
流動性：流動比、現金比、速動比均高於標準，顯示公司流動性過高，資金運用效率不佳。",嘉基公司在2025Q3的財務狀況顯示出多方面的問題，包括償債能力弱、資產使用效率差、盈利能力低及流動性過高。建議公司加強資產管理，提高盈利能力，並控制流動資產，以降低財務風險。,嘉基公司在2025Q3的財務狀況顯示出多方面的問題，包括償債能力弱、盈利能力低、資產管理效率差及流動性過高。建議公司加強資產管理，提高盈利能力，並控制流動資產，以降低財務風險。
2025Q3,2347,聯強,2,,,,,,,55,黃燈,"償債能力：利息保障倍數、流動比、速動比均優於標準，顯示公司短期及長期償債能力強。
資產管理效率：固定資產週轉率、總資產週轉率優於標準，顯示公司資產使用效率高。
盈利能力：每股稅後盈餘及其年成長率優於標準，但營業利益率、營業毛利率和稅後淨利率偏低，盈利能力需改善。
負債管理：負債對淨值比率及負債總額偏高，顯示公司負債比例過高，需加強管理。",聯強公司在2025Q3的財務狀況顯示出多方面的優勢，包括償債能力強、資產使用效率高及盈利能力良好。但需注意負債管理，以降低財務風險。,聯強公司在2025Q3的財務狀況顯示出多方面的問題，包括存貨及應收帳款管理需改善、盈利能力偏低及負債比例過高。建議公司加強存貨及應收帳款管理，提高盈利能力，並控制負債比例，以降低財務風險。
2025Q3,6210,慶生,2,,,,,,,35,紅燈,"償債能力：利息保障倍數、現金流量比、稅後淨利率等均低於標準，顯示公司短期及長期償債能力均有問題。
資產使用效率：固定資產週轉率、總資產週轉率均低於標準，顯示公司資產使用效率差。
盈利能力：營業利益率、營業毛利率、每股稅後盈餘等均低於標準，顯示公司盈利能力差。
現金流動性：現金流量比遠低於標準，顯示公司現金流動性差。",慶生公司在2025Q3的財務狀況顯示出多方面的問題，包括償債能力弱、盈利能力低、資產管理效率差及現金流動性差。建議公司加強資產管理，提高盈利能力，並控制負債比例，以降低財務風險。,慶生公司在2025Q3的財務狀況顯示出多方面的問題，包括償債能力弱、盈利能力低、資產管理效率差及現金流動性差。建議公司加強資產管理，提高盈利能力，並控制負債比例，以降低財務風險。
2025Q3,6126,信音,2,,,,,,,65,綠燈,"償債能力：利息保障倍數、流動比、速動比均優於標準，顯示公司短期及長期償債能力強。
資產管理：固定資產週轉率略低於標準，但存貨週轉率優於標準，顯示公司資產使用效率尚可。
盈利能力：每股稅後盈餘和稅後淨利率低於標準，但每股稅後盈餘年成長率高於標準，顯示盈利能力需改善但有成長潛力。
負債管理：負債對淨值比率和負債總額均符合標準，顯示公司負債管理良好。",信音公司在2025Q3的財務狀況顯示出多方面的優勢，包括償債能力強、資產使用效率尚可及盈利成長潛力大。但需注意應收帳款管理及盈利能力，以降低財務風險。,信音公司在2025Q3的財務狀況顯示出多方面的問題，包括應收帳款管理差、盈利能力弱及資產回報率低。建議公司加強應收帳款管理，提高盈利能力，並改善資產使用效率，以降低財務風險。
2025Q3,8182,加高,2,,,,,,,55,黃燈,"償債能力：利息保障倍數、流動比、速動比、負債對淨值比率均優於標準，顯示公司償債能力強。
資產使用效率：固定資產週轉率、總資產週轉率均低於標準，顯示公司資產使用效率低。
盈利能力：每股稅後盈餘、營業利益率、營業毛利率、資產報酬率均低於標準，顯示公司盈利能力弱。
現金流量：現金流量比低於標準，顯示公司現金流量不足。",加高公司在2025Q3的財務狀況顯示出償債能力強，但資產使用效率和盈利能力較弱，現金流量不足。整體評分為55分，燈號為黃燈。,加高公司在2025Q3的財務狀況顯示出多方面的問題，包括資產使用效率低、盈利能力弱、現金流量不足。建議公司加強資產管理，提高盈利能力，並改善現金流量，以降低財務風險。
2025Q3,6245,立端,2,,,,,,,55,黃燈,"償債能力：利息保障倍數、流動比、速動比均高於標準，顯示公司短期及長期償債能力強。
盈利能力：每股稅後盈餘符合標準，但年成長率下降，稅後淨利率偏低。
資產管理：固定資產週轉率高於標準，但總資產週轉率偏低，存貨管理需改善。
現金流量：現金比高於標準，但現金流量比低於標準，需加強現金流管理。",立端公司在2025Q3的財務狀況顯示出多方面的優勢，包括償債能力強及現金儲備充足。但需注意盈利能力及資產管理，並加強現金流管理，以降低財務風險。,立端公司在2025Q3的財務狀況顯示出多方面的問題，包括盈利能力下降、資產管理效率低及現金流不足。建議公司加強盈利能力，提高資產使用效率，並改善現金流管理，以降低財務風險。
2025Q3,3437,榮創,2,,,,,,,40,黃燈,"償債能力：利息保障倍數、現金流量比、應收帳款週轉率均低於標準，顯示公司短期及長期償債能力均有問題。
盈利能力：每股稅後盈餘、營業利益率、稅後淨利率均低於標準，顯示公司盈利能力差。
資產管理：總資產週轉率、應收帳款佔營收比率均低於標準，顯示公司資產管理效率差。
現金流量：現金流量比低於標準，顯示公司現金流量狀況不佳。",榮創公司在2025Q3的財務狀況顯示出多方面的問題，包括償債能力弱、盈利能力低、資產管理效率差及現金流量狀況不佳。需加強資產管理，提高盈利能力，並改善現金流量狀況，以降低財務風險。,榮創公司在2025Q3的財務狀況顯示出多方面的問題，包括償債能力弱、盈利能力低、資產管理效率差及現金流量狀況不佳。建議公司加強資產管理，提高盈利能力，並改善現金流量狀況，以降低財務風險。
2025Q3,6498,久禾光,2,,,,,,,75,綠燈,"償債能力：利息保障倍數、流動比、速動比均高於標準，顯示公司短期及長期償債能力均非常強。
資產管理：固定資產週轉率、存貨週轉率均高於標準，顯示公司資產使用效率良好。但應收帳款管理需改善。
盈利能力：營業利益率、營業毛利率、稅後淨利率均高於標準，顯示公司盈利能力強。
負債管理：負債對淨值比率、負債總額均低於標準，顯示公司負債比例合理，財務風險低。",久禾光公司在2025Q3的財務狀況顯示出多方面的優勢，包括償債能力強、資產使用效率高及盈利能力強。但需注意應收帳款管理及現金流量穩定性，以降低財務風險。,久禾光公司在2025Q3的財務狀況顯示出多方面的優勢，包括償債能力強、資產使用效率高及盈利能力強。建議公司加強應收帳款管理，提高現金流量穩定性，以降低財務風險。
2025Q3,8068,全達,2,,,,,,,45,黃燈,"償債能力：利息保障倍數、現金流量比、稅後淨利率等指標均低於標準，顯示公司短期及長期償債能力均有問題。
資產使用效率：固定資產週轉率、總資產週轉率、資產報酬率均低於標準，顯示資產使用效率較低。
盈利能力：每股稅後盈餘、營業利益率、營業毛利率等指標均低於標準，顯示公司盈利能力較弱。
負債管理：負債對淨值比率、負債總額、長期負債等指標均優於標準，顯示公司負債管理良好。",全達公司在2025Q3的財務狀況顯示出多方面的問題，包括償債能力弱、資產使用效率低及盈利能力差，但負債管理良好。綜合評估給予45分，燈號為黃燈。,全達公司在2025Q3的財務狀況顯示出多方面的問題，包括償債能力弱、盈利能力低、資產管理效率差。建議公司加強資產管理，提高盈利能力，並控制應收帳款比例，以降低財務風險。
2025Q3,3710,連展,2,,,,,,,20,紅燈,"償債能力：利息保障倍數、流動比、速動比均低於標準，顯示公司短期及長期償債能力均有問題。
盈利能力：營業利益率、稅後淨利率均為負值，顯示公司盈利能力不足。
資產使用效率：總資產週轉率、應收帳款週轉率均低於標準，顯示公司資產使用效率低。
負債管理：負債對淨值比率及負債總額均高於標準，顯示公司負債管理有待加強。",連展公司在2025Q3的財務狀況顯示出多方面的問題，包括償債能力弱、盈利能力低、資產管理效率差及負債比例過高。建議公司加強資產管理，提高盈利能力，並控制負債比例，以降低財務風險。,連展公司在2025Q3的財務狀況顯示出多方面的問題，包括償債能力弱、盈利能力低、資產管理效率差及負債比例過高。建議公司加強資產管理，提高盈利能力，並控制負債比例，以降低財務風險。
2025Q3,6138,茂達,2,,,,,,,90,綠燈,"償債能力：利息保障倍數、流動比、速動比均遠高於標準，顯示公司短期及長期償債能力極強。
盈利能力：每股稅後盈餘、稅後淨利率、營業利益率及營業毛利率均高於標準，顯示公司盈利能力強。
資產使用效率：固定資產週轉率、總資產週轉率均高於標準，顯示公司資產使用效率良好。
負債管理：負債對淨值比率及負債總額均低於標準，顯示公司負債管理良好。",茂達公司在2025Q3的財務狀況顯示出多方面的優勢，包括償債能力強、資產使用效率高及盈利能力強。整體財務狀況良好，評分為90分。,茂達公司在2025Q3的財務狀況顯示出多方面的優勢，但需注意存貨佔營收比率和應收帳款佔營收比率略高於標準，可能存在存貨管理和應收帳款管理的風險。建議公司加強這兩方面的管理，以進一步降低財務風險。
2025Q3,8112,至上,2,,,,,,,40,黃燈,"償債能力：利息保障倍數、現金流量比、速動比均低於標準，顯示公司短期及長期償債能力均有問題。
盈利能力：營業利益率、營業毛利率、稅後淨利率均低於標準，顯示公司盈利能力偏弱。
資產管理效率：固定資產週轉率、總資產週轉率均高於標準，顯示公司資產使用效率極高。
負債管理：負債對淨值比率、負債總額均高於標準，顯示公司負債比例偏高。",至上公司在2025Q3的財務狀況顯示出多方面的問題，包括償債能力弱、盈利能力低、負債比例過高。資產使用效率高是唯一的亮點。需加強償債能力和盈利能力，並控制負債比例，以降低財務風險。,至上公司在2025Q3的財務狀況顯示出多方面的問題，包括償債能力弱、盈利能力低、負債比例過高。建議公司加強資產管理，提高盈利能力，並控制負債比例，以降低財務風險。
2025Q3,6121,新普,2,,,,,,,55,黃燈,"償債能力：利息保障倍數、流動比、現金比、速動比均高於標準，顯示公司短期及長期償債能力強。
盈利能力：每股稅後盈餘高於標準，但每股稅後盈餘年成長率、營業利益率、營業毛利率、稅後淨利率低於標準，需提升盈利能力。
資產管理：固定資產週轉率、總資產週轉率符合標準，但存貨週轉率、應收帳款週轉率低於標準，需改善資產管理效率。
負債管理：負債對淨值比率、負債總額符合標準，但應付帳款比例略高，需注意負債管理。",新普公司在2025Q3的財務狀況顯示出償債能力強、現金儲備充足，但在盈利能力、資產管理效率及部分負債管理方面仍需改善。綜合評估給予55分，燈號為黃燈。,新普公司在2025Q3的財務狀況顯示出償債能力強、現金儲備充足，但盈利能力較弱，資產管理效率需改善，存貨及應收帳款管理存在風險。建議公司加強盈利能力，提升資產管理效率，並控制存貨及應收帳款比例，以降低財務風險。
2025Q3,3556,禾瑞,2,,,,,,,30,紅燈,"償債能力：利息保障倍數、流動比、速動比均低於標準，顯示公司短期及長期償債能力均有問題。
盈利能力：營業利益率、淨利率、資產報酬率、股東權益報酬率均低於標準，顯示公司盈利能力較弱。
資產管理效率：應收帳款週轉率、應付帳款週轉率、現金週轉率均低於標準，顯示公司資產管理效率較低。
現金流量：營業現金流量比率、自由現金流量、淨現金流量均低於標準，顯示公司現金流量狀況不佳。",禾瑞公司在2025Q3的財務狀況顯示出多方面的問題，包括償債能力弱、盈利能力低、資產管理效率差及現金流量狀況不佳。建議公司加強資產管理，提高盈利能力，並控制負債比例，以降低財務風險。,禾瑞公司在2025Q3的財務狀況顯示出多方面的問題，包括償債能力弱、盈利能力低、資產管理效率差及現金流量狀況不佳。建議公司加強資產管理，提高盈利能力，並控制負債比例，以降低財務風險。
2025Q3,2465,麗臺,2,,,,,,,45,黃燈,"償債能力：利息保障倍數、流動負債、速動比均低於標準，顯示公司短期及長期償債能力均有問題。
盈利能力：每股稅後盈餘、稅後淨利率、股東權益報酬率均低於標準，顯示公司盈利能力較弱。
資產使用效率：固定資產週轉率、存貨週轉率、應收帳款週轉率、總資產週轉率均優於標準，顯示公司資產使用效率高。
負債管理：負債對淨值比率及負債總額均高於標準，顯示公司負債比例過高，需注意負債管理。",麗臺公司在2025Q3的財務狀況顯示出多方面的問題，包括償債能力弱、盈利能力低及負債比例過高。儘管資產使用效率高，但需加強負債管理及改善盈利能力，以降低財務風險。,麗臺公司在2025Q3的財務狀況顯示出多方面的問題，包括償債能力弱、盈利能力低及負債比例過高。建議公司加強資產管理，提高盈利能力，並控制負債比例，以降低財務風險。
2025Q3,3114,好德,2,,,,,,,70,綠燈,"償債能力：利息保障倍數、流動比、速動比均優於標準，顯示公司短期及長期償債能力強。
資產使用效率：固定資產週轉率、總資產週轉率均優於標準，顯示公司資產使用效率高。
盈利能力：每股稅後盈餘、稅後淨利率均優於標準，顯示公司盈利能力強。
現金流量：現金流量比低於標準，需改善現金流量管理。",好德公司在2025Q3的財務狀況顯示出多方面的優勢，包括償債能力強、資產使用效率高及盈利能力強。但需注意現金流量管理，以降低財務風險。,好德公司在2025Q3的財務狀況顯示出多方面的優勢，包括償債能力強、資產使用效率高及盈利能力強。但需注意現金流量管理，應收帳款及存貨比例偏高，需加強應收帳款及存貨管理，以降低財務風險。
2025Q3,6831,邁萪,2,,,,,,,65,綠燈,"償債能力：利息保障倍數、流動比、速動比均符合或優於標準，顯示公司償債能力強。
資產使用效率：固定資產週轉率、存貨週轉率、總資產週轉率均符合或優於標準，資產使用效率高。
盈利能力：每股稅後盈餘、營業利益率、稅後淨利率均優於標準，顯示公司盈利能力強。
負債管理：負債對淨值比率、負債總額、股東權益總額均劣於標準，需注意負債管理。",邁萪公司在2025Q3的財務狀況顯示出多方面的優勢，包括償債能力強、資產使用效率高及盈利能力強。但需注意負債管理，以降低財務風險。,邁萪公司在2025Q3的財務狀況顯示出多方面的問題，包括應收帳款比例過高、現金流量為負、負債比例偏高及股東權益比例偏低。建議公司加強應收帳款管理，提高現金流量，並控制負債比例，以降低財務風險。
2025Q3,6770,力積電,2,,,,,,,40,黃燈,"償債能力：利息保障倍數、現金流量比、負債對淨值比率均低於標準，顯示公司短期及長期償債能力均有問題。
資產管理效率：固定資產週轉率、總資產週轉率均低於標準，顯示公司資產使用效率差。
盈利能力：營業利益率、營業毛利率、稅後淨利率均低於標準，顯示公司盈利能力差。
流動性：流動比、速動比、現金比均優於標準，顯示公司流動性良好。",力積電公司在2025Q3的財務狀況顯示出多方面的問題，包括償債能力弱、資產管理效率差及盈利能力低。雖然公司的流動性良好，但整體財務風險仍需關注。,力積電公司在2025Q3的財務狀況顯示出多方面的問題，包括償債能力弱、盈利能力低、資產管理效率差及負債比例過高。建議公司加強資產管理，提高盈利能力，並控制負債比例，以降低財務風險。
2025Q3,3019,亞光,2,,,,,,,65,綠燈,"償債能力：利息保障倍數、流動比、速動比均高於標準，顯示公司短期及長期償債能力強。
盈利能力：營業利益率、營業毛利率、稅後淨利率均符合或高於標準，但每股稅後盈餘和股東權益報酬率偏低，需注意盈利成長性。
資產管理：固定資產週轉率、總資產週轉率均高於標準，顯示資產使用效率高，但存貨佔營收比率和應收帳款佔營收比率偏高，需加強存貨和應收帳款管理。
負債管理：負債對淨值比率和負債總額均符合標準，顯示公司負債管理良好。",亞光公司在2025Q3的財務狀況顯示出多方面的優勢，包括償債能力強、資產使用效率高及盈利能力強。但需注意存貨和應收帳款管理，以降低財務風險。,亞光公司在2025Q3的財務狀況顯示出多方面的問題，包括存貨管理效率低、應收帳款管理效率低及盈利成長性差。建議公司加強存貨和應收帳款管理，提高盈利能力，以降低財務風險。
2025Q3,3548,兆利,2,,,,,,,55,黃燈,"償債能力：利息保障倍數、流動比、速動比均優於標準，顯示公司短期及長期償債能力強。
盈利能力：每股稅後盈餘、稅後淨利率、營業利益率均低於標準，顯示盈利能力需改善。
資產使用效率：固定資產週轉率、總資產週轉率均低於標準，顯示資產使用效率需改善。
資本結構：股東權益報酬率低於標準，但股東權益總額、負債對淨值比率符合標準，顯示資本結構合理。",兆利公司在2025Q3的財務狀況顯示出短期及長期償債能力強，但盈利能力和資產使用效率需改善。整體財務狀況尚可，但需注意盈利能力的提升。,兆利公司在2025Q3的財務狀況顯示出多方面的問題，包括盈利能力低、資產管理效率差及應收帳款管理需改善。建議公司加強盈利能力，提高資產使用效率，並改善應收帳款管理，以降低財務風險。
2025Q3,3015,全漢,2,,,,,,,58,黃燈,"償債能力：利息保障倍數、流動比、速動比均優於標準，顯示公司短期及長期償債能力強。
資產使用效率：固定資產週轉率優於標準，但總資產週轉率低於標準，顯示資產使用效率有待改善。
盈利能力：每股稅後盈餘及稅後淨利率均優於標準，但營業利益率及營業毛利率低於標準，顯示營業活動盈利能力弱。
現金流量：現金流量比低於標準，顯示公司現金流量狀況不佳。",全漢公司在2025Q3的財務狀況顯示出多方面的優勢，包括償債能力強、現金儲備充足及盈利能力強。但需注意存貨管理、應收帳款管理及現金流量狀況，以降低財務風險。,全漢公司在2025Q3的財務狀況顯示出多方面的問題，包括存貨管理效率低、應收帳款管理效率低、營業活動虧損及現金流量狀況不佳。建議公司加強存貨及應收帳款管理，提高營業活動盈利能力，並改善現金流量狀況，以降低財務風險。
2025Q3,2489,瑞軒科技,2,,,,,,,65,綠燈,"償債能力：利息保障倍數、流動比、速動比均高於標準，顯示公司短期及長期償債能力均強。
資產管理：固定資產週轉率高於標準，但總資產週轉率低於標準，需提高資產使用效率。
盈利能力：每股稅後盈餘年成長率高，但每股稅後盈餘低於標準，需改善盈利能力。
現金流量：現金流量比低於標準，需加強現金流管理。",瑞軒科技公司在2025Q3的財務狀況顯示出多方面的優勢，包括償債能力強、股東權益比例高及盈利能力增長迅速。但需注意存貨及應收帳款管理，以提高資產使用效率及改善現金流量狀況。,瑞軒科技公司在2025Q3的財務狀況顯示出多方面的問題，包括存貨管理需改善、應收帳款周轉速度慢、現金流量狀況需加強及資產使用效率偏低。建議公司加強存貨及應收帳款管理，提高資產使用效率，並改善現金流量狀況，以降低財務風險。
2025Q3,2357,華碩,2,,,,,,,55,黃燈,"償債能力：利息保障倍數、現金比等指標優於標準，但流動比、速動比等指標符合標準，顯示公司短期償債能力尚可。
資產使用效率：固定資產週轉率、總資產週轉率等指標優於標準，顯示公司資產使用效率高。
盈利能力：每股稅後盈餘、營業利益率等指標低於標準，顯示公司盈利能力偏弱。
負債管理：負債對淨值比率、負債總額等指標高於標準，顯示公司負債比例偏高，需加強負債管理。",華碩公司在2025Q3的財務狀況顯示出資產使用效率高，但償債能力和盈利能力存在一定風險，負債管理需加強。,華碩公司在2025Q3的財務狀況顯示出多方面的問題，包括盈利能力弱、負債比例過高及現金流量不足。建議公司加強盈利能力，控制負債比例，並改善現金流管理，以降低財務風險。
2025Q3,5228,鈺鎧,2,,,,,,,25,紅燈,"償債能力：利息保障倍數、流動比、速動比均低於標準，顯示公司短期及長期償債能力均有問題。
盈利能力：每股稅後盈餘、營業利益率、稅後淨利率均為負數，顯示公司目前處於虧損狀態。
資產管理效率：固定資產週轉率、存貨週轉率、總資產週轉率均低於標準，顯示公司資產使用效率差。
負債管理：負債對淨值比率、負債總額、長期負債比例均高於標準，顯示公司負債比例過高，財務風險較大。",鈺鎧公司在2025Q3的財務狀況顯示出多方面的問題，包括償債能力弱、盈利能力低、資產管理效率差及負債比例過高。建議公司加強資產管理，提高盈利能力，並控制負債比例，以降低財務風險。,鈺鎧公司在2025Q3的財務狀況顯示出多方面的問題，包括償債能力弱、盈利能力低、資產管理效率差及負債比例過高。建議公司加強資產管理，提高盈利能力，並控制負債比例，以降低財務風險。
2025Q3,3171,新洲,2,,,,,,,70,綠燈,"償債能力：利息保障倍數、流動比、速動比均優於標準，顯示公司短期及長期償債能力強。
資產管理：固定資產週轉率、總資產週轉率、存貨週轉率均優於標準，顯示資產使用效率高。
盈利能力：每股稅後盈餘及其年成長率優於標準，顯示公司盈利能力強。
現金流量：現金流量比低於標準，需改善現金流量管理。",新洲公司在2025Q3的財務狀況顯示出多方面的優勢，包括償債能力強、資產使用效率高及盈利能力強。但需注意應收帳款管理及現金流量管理，以降低財務風險。,新洲公司在2025Q3的財務狀況顯示出多方面的優勢，包括償債能力強、資產使用效率高及盈利能力強。最重要的風險在於應收帳款管理及現金流量管理。建議公司加強應收帳款管理，提高應收帳款週轉率，並改善現金流量管理，以降低財務風險。
2025Q3,2421,昆山,2,,,,,,,75,綠燈,"償債能力：利息保障倍數、流動比、速動比均高於標準，顯示公司短期及長期償債能力強。
資產使用效率：固定資產週轉率、總資產週轉率均高於標準，顯示公司資產使用效率高。
盈利能力：營業利益率、營業毛利率、稅後淨利率均高於標準，顯示公司盈利能力強。
負債管理：負債對淨值比率、負債總額均符合標準，顯示公司負債管理合理。",昆山公司在2025Q3的財務狀況顯示出多方面的優勢，包括償債能力強、資產使用效率高及盈利能力強。但需注意存貨及應收帳款管理，以降低財務風險。,昆山公司在2025Q3的財務狀況顯示出多方面的優勢，包括償債能力強、盈利能力高及資產管理效率良好。然而，公司在存貨管理及應收帳款管理方面存在風險，需加強管理以降低財務風險。建議公司加強存貨及應收帳款的管理，提高現金流量比率，以進一步改善財務狀況。
2025Q3,5289,宜鼎,2,,,,,,,85,綠燈,"償債能力：利息保障倍數、流動比、速動比等指標均高於標準，顯示公司短期及長期償債能力強。
盈利能力：每股稅後盈餘、稅後淨利率等指標均表現良好，顯示公司盈利能力強。
資產管理：固定資產週轉率、總資產週轉率等指標均符合標準，顯示公司資產管理效率良好。
風險控制：負債對淨值比率、負債總額等指標均低於標準，顯示公司負債風險較低。",宜鼎公司在2025Q3的財務狀況顯示出多方面的優勢，包括償債能力強、盈利能力強及資產管理效率高。但需注意存貨及應收帳款管理，以進一步降低財務風險。,宜鼎公司在2025Q3的財務狀況顯示出多方面的優勢，包括償債能力強、盈利能力高及資產管理效率良好。然而，存貨佔營收比率及應收帳款佔營收比率較高，顯示出存貨及應收帳款管理方面的風險。建議公司加強存貨及應收帳款管理，以進一步提升財務穩定性。
2025Q3,3323,加百裕,2,,,,,,,45,黃燈,"償債能力：流動比、現金比、速動比均高於標準，顯示公司短期償債能力強，但利息保障倍數低於標準，長期償債能力較弱。
盈利能力：營業利益率、營業毛利率、稅後淨利率均低於標準，顯示公司盈利能力較弱。
資產管理：固定資產週轉率、總資產週轉率高於標準，顯示公司資產利用效率高，但存貨佔營收比率、應收帳款佔營收比率高於標準，存貨及應收帳款管理效率低。
負債管理：負債對淨值比率、負債總額符合標準，顯示公司負債水平合理，但應付帳款比例過高。",加百裕公司在2025Q3的財務狀況顯示出短期償債能力強，但盈利能力較弱，資產管理效率不佳，負債水平合理。綜合評估給予45分，屬於黃燈區域，需注意改善盈利能力及資產管理效率。,加百裕公司在2025Q3的財務狀況顯示出多方面的問題，包括盈利能力低、存貨及應收帳款管理效率差。建議公司加強盈利能力，提高營業利益率及淨利率，同時加強存貨及應收帳款管理，以降低財務風險。
2025Q3,2352,佳世達,2,,,,,,,30,紅燈,"償債能力：利息保障倍數、流動比、速動比均低於標準，顯示公司短期及長期償債能力均有問題。
盈利能力：每股稅後盈餘、稅後淨利率、股東權益報酬率均低於標準，顯示公司盈利能力較弱。
資產管理：存貨週轉率、應收帳款週轉率、總資產週轉率均低於標準，顯示公司資產管理效率較低。
負債管理：負債對淨值比率、負債總額均高於標準，顯示公司負債比例過高，需注意財務風險。",佳世達公司在2025Q3的財務狀況顯示出多方面的問題，包括償債能力弱、盈利能力低、資產管理效率差及負債比例過高。建議公司加強資產管理，提高盈利能力，並控制負債比例，以降低財務風險。,佳世達公司在2025Q3的財務狀況顯示出多方面的問題，包括償債能力弱、盈利能力低、資產管理效率差及負債比例過高。建議公司加強資產管理，提高盈利能力，並控制負債比例，以降低財務風險。
2025Q3,6285,啟碁,2,,,,,,,55,黃燈,"償債能力：利息保障倍數、流動比、速動比均符合或優於標準，顯示公司短期及長期償債能力良好。
資產管理：固定資產週轉率和總資產週轉率優於標準，但存貨週轉率和應收帳款週轉率低於標準，需加強資產管理效率。
盈利能力：每股稅後盈餘和年成長率優於標準，但營業利益率和稅後淨利率低於標準，需提高盈利能力。
負債管理：負債對淨值比率和負債總額高於標準，需控制負債比例。",啟碁公司在2025Q3的財務狀況顯示出多方面的優勢，包括短期償債能力強、資產使用效率高及盈利能力強。但需注意存貨及應收帳款管理，並控制負債比例，以降低財務風險。,啟碁公司在2025Q3的財務狀況顯示出多方面的問題，包括存貨管理效率低、應收帳款管理需改善、營業利益率低及負債比例過高。建議公司加強存貨及應收帳款管理，提高盈利能力，並控制負債比例，以降低財務風險。
2025Q3,6449,鈺邦,2,,,,,,,65,綠燈,"償債能力：利息保障倍數、流動比、速動比均優於標準，顯示公司短期及長期償債能力強。
盈利能力：營業利益率、稅後淨利率、每股稅後盈餘均優於標準，顯示公司盈利能力良好。
資產使用效率：固定資產週轉率、總資產週轉率均低於標準，顯示公司資產使用效率有待提高。
負債管理：負債對淨值比率、負債總額比例合理，顯示公司負債管理良好。",鈺邦公司在2025Q3的財務狀況顯示出多方面的優勢，包括償債能力強、盈利能力高及負債管理良好。但需注意資產使用效率，以提高整體財務表現。,鈺邦公司在2025Q3的財務狀況顯示出多方面的問題，包括資產使用效率低、存貨佔比過高及現金流量不足。建議公司加強資產管理，提高存貨周轉率，並改善現金流量狀況，以降低財務風險。
